size,sortedness,uniqueRatio,bestAlgorithm,datasetType
175,50.00,0.9771,Insertion,Random
451,49.11,0.9712,Quick,Random
176,54.29,1.0000,Insertion,Random
43,57.14,1.0000,Insertion,Random
356,51.27,0.9860,Quick,Random
480,49.27,0.9729,Quick,Random
389,49.74,0.9640,Quick,Random
207,51.94,0.9903,Insertion,Random
250,48.59,0.9880,Insertion,Random
469,50.00,0.9787,Quick,Random
464,52.05,0.9828,Quick,Random
80,53.16,1.0000,Insertion,Random
79,50.00,1.0000,Insertion,Random
163,50.00,0.9877,Insertion,Random
248,50.20,0.9879,Quick,Random
493,50.61,0.9736,Quick,Random
41,42.50,1.0000,Insertion,Random
255,51.18,0.9804,Insertion,Random
439,50.23,0.9795,Quick,Random
397,51.52,0.9773,Quick,Random
122,48.76,0.9836,Insertion,Random
250,50.20,0.9760,Quick,Random
39,52.63,1.0000,Insertion,Random
45,47.73,1.0000,Insertion,Random
143,50.70,0.9860,Insertion,Random
142,50.35,1.0000,Insertion,Random
82,50.62,1.0000,Insertion,Random
418,49.88,0.9785,Quick,Random
343,50.29,0.9825,Quick,Random
72,49.30,1.0000,Insertion,Random
381,49.74,0.9921,Quick,Random
457,50.66,0.9628,Quick,Random
436,48.97,0.9794,Quick,Random
331,52.12,0.9819,Insertion,Random
292,47.77,0.9932,Insertion,Random
32,54.84,1.0000,Insertion,Random
309,49.03,0.9741,Quick,Random
485,49.59,0.9773,Quick,Random
65,46.88,1.0000,Insertion,Random
362,50.42,0.9917,Quick,Random
197,49.49,0.9898,Insertion,Random
122,48.76,1.0000,Insertion,Random
83,53.66,1.0000,Insertion,Random
89,50.00,1.0000,Insertion,Random
355,51.69,0.9746,Quick,Random
447,47.76,0.9776,Quick,Random
221,48.18,0.9910,Insertion,Random
183,47.25,0.9781,Quick,Random
126,52.00,1.0000,Insertion,Random
208,50.72,0.9952,Insertion,Random
65,50.00,1.0000,Insertion,Random
315,50.00,0.9714,Quick,Random
127,45.24,0.9764,Insertion,Random
498,49.70,0.9639,Quick,Random
152,48.34,0.9934,Insertion,Random
11,60.00,1.0000,Bubble,Random
413,49.51,0.9903,Quick,Random
451,52.00,0.9667,Quick,Random
448,50.11,0.9799,Quick,Random
366,51.78,0.9809,Quick,Random
74,49.32,0.9865,Insertion,Random
246,49.80,0.9837,Quick,Random
463,48.70,0.9741,Quick,Random
161,51.88,0.9876,Insertion,Random
172,50.29,0.9942,Insertion,Random
143,47.18,1.0000,Insertion,Random
378,49.07,0.9921,Quick,Random
198,49.75,0.9848,Quick,Random
402,51.62,0.9751,Quick,Random
16,60.00,1.0000,Insertion,Random
54,56.60,1.0000,Insertion,Random
191,52.11,0.9791,Quick,Random
249,55.24,1.0000,Quick,Random
176,53.14,1.0000,Quick,Random
128,50.39,0.9922,Insertion,Random
208,52.66,0.9760,Quick,Random
272,48.71,0.9890,Quick,Random
62,47.54,1.0000,Insertion,Random
496,49.49,0.9718,Quick,Random
342,51.32,0.9737,Quick,Random
266,49.81,0.9812,Quick,Random
169,48.81,1.0000,Insertion,Random
222,47.51,0.9820,Quick,Random
272,52.77,1.0000,Quick,Random
388,49.10,0.9871,Quick,Random
215,50.93,0.9860,Quick,Random
241,51.25,0.9917,Quick,Random
369,48.37,0.9837,Quick,Random
88,50.57,0.9886,Insertion,Random
62,52.46,0.9839,Insertion,Random
388,50.90,0.9691,Quick,Random
147,52.05,0.9932,Insertion,Random
122,50.41,0.9836,Quick,Random
215,48.60,0.9860,Quick,Random
385,48.70,0.9870,Quick,Random
444,52.37,0.9685,Quick,Random
208,48.79,0.9952,Quick,Random
431,48.84,0.9652,Quick,Random
173,51.74,0.9884,Insertion,Random
87,52.33,1.0000,Insertion,Random
454,50.77,0.9736,Quick,Random
124,50.41,0.9919,Insertion,Random
67,50.00,1.0000,Insertion,Random
364,50.14,0.9588,Quick,Random
234,50.64,0.9915,Quick,Random
422,47.27,0.9834,Quick,Random
378,49.60,0.9815,Quick,Random
473,48.52,0.9683,Quick,Random
457,50.22,0.9803,Quick,Random
49,56.25,1.0000,Insertion,Random
374,49.60,0.9786,Quick,Random
359,51.68,0.9805,Quick,Random
288,49.13,0.9757,Insertion,Random
407,50.99,0.9779,Quick,Random
426,49.18,0.9812,Quick,Random
274,52.01,0.9927,Quick,Random
167,54.22,1.0000,Insertion,Random
62,49.18,1.0000,Insertion,Random
407,50.00,0.9803,Quick,Random
353,49.43,0.9802,Quick,Random
213,52.36,0.9953,Quick,Random
44,55.81,1.0000,Insertion,Random
51,48.00,1.0000,Insertion,Random
491,48.98,0.9613,Quick,Random
268,47.94,0.9925,Quick,Random
479,49.37,0.9749,Quick,Random
31,46.67,0.9677,Insertion,Random
379,50.00,0.9815,Quick,Random
489,51.64,0.9836,Quick,Random
382,51.71,0.9712,Quick,Random
252,52.59,0.9921,Quick,Random
64,49.21,1.0000,Insertion,Random
225,52.68,0.9822,Quick,Random
269,48.13,0.9814,Quick,Random
468,51.61,0.9786,Quick,Random
481,49.17,0.9751,Quick,Random
159,51.90,1.0000,Insertion,Random
44,53.49,1.0000,Insertion,Random
12,36.36,1.0000,Bubble,Random
194,50.78,1.0000,Quick,Random
272,50.92,0.9890,Quick,Random
222,51.58,0.9910,Quick,Random
310,49.84,0.9903,Quick,Random
256,50.98,0.9883,Quick,Random
202,52.24,1.0000,Quick,Random
408,47.67,0.9804,Quick,Random
118,51.28,0.9915,Insertion,Random
23,54.55,1.0000,Insertion,Random
341,51.76,0.9853,Quick,Random
222,51.58,0.9955,Quick,Random
213,52.36,0.9953,Quick,Random
374,50.13,0.9786,Quick,Random
231,52.17,0.9957,Quick,Random
166,49.70,0.9880,Insertion,Random
390,48.84,0.9795,Quick,Random
216,49.30,0.9907,Quick,Random
303,48.68,0.9835,Quick,Random
169,52.38,0.9882,Insertion,Random
188,45.99,1.0000,Quick,Random
242,51.04,0.9917,Quick,Random
100,50.51,0.9900,Insertion,Random
484,51.55,0.9793,Quick,Random
486,50.93,0.9691,Quick,Random
430,48.48,0.9814,Quick,Random
273,50.00,1.0000,Quick,Random
193,52.60,0.9948,Quick,Random
1431,49.51,0.9287,Quick,Random
645,50.47,0.9876,Quick,Random
855,48.95,0.9614,Quick,Random
1565,49.68,0.9304,Quick,Random
481,50.42,0.9730,Quick,Random
155,49.35,0.9871,Insertion,Random
1390,50.76,0.9353,Quick,Random
942,49.52,0.9544,Quick,Random
831,50.60,0.9663,Quick,Random
1152,48.22,0.9262,Quick,Random
387,50.52,0.9819,Quick,Random
747,49.87,0.9558,Quick,Random
1676,50.81,0.9177,Quick,Random
1222,50.94,0.9231,Quick,Random
960,50.47,0.9563,Quick,Random
1564,50.42,0.9290,Quick,Random
201,46.00,0.9900,Insertion,Random
781,50.00,0.9616,Quick,Random
1196,48.28,0.9390,Quick,Random
1274,50.51,0.9435,Quick,Random
625,50.16,0.9824,Quick,Random
1636,48.50,0.9187,Quick,Random
990,49.54,0.9475,Quick,Random
611,47.05,0.9673,Quick,Random
622,48.47,0.9566,Quick,Random
1006,48.06,0.9513,Quick,Random
1197,50.50,0.9474,Quick,Random
1430,49.62,0.9301,Quick,Random
1655,50.30,0.9221,Quick,Random
634,51.50,0.9779,Quick,Random
1859,50.97,0.9102,Quick,Random
1229,51.06,0.9512,Quick,Random
1317,49.24,0.9301,Quick,Random
904,52.27,0.9624,Quick,Random
917,50.22,0.9618,Quick,Random
103,51.96,0.9903,Insertion,Random
1216,49.71,0.9507,Quick,Random
1341,50.07,0.9306,Quick,Random
150,53.02,1.0000,Insertion,Random
1499,50.67,0.9300,Quick,Random
935,47.64,0.9487,Quick,Random
1245,49.76,0.9349,Quick,Random
1169,50.68,0.9495,Quick,Random
948,50.26,0.9546,Quick,Random
1751,49.26,0.9195,Quick,Random
1090,49.95,0.9486,Quick,Random
1718,49.45,0.9133,Quick,Random
1205,49.09,0.9461,Quick,Random
305,48.03,0.9934,Quick,Random
722,51.46,0.9626,Quick,Random
200,50.75,0.9900,Insertion,Random
622,50.08,0.9775,Quick,Random
1267,49.61,0.9298,Quick,Random
1006,50.15,0.9523,Quick,Random
483,50.41,0.9834,Quick,Random
1334,51.84,0.9340,Quick,Random
287,50.70,0.9895,Quick,Random
494,48.68,0.9737,Quick,Random
796,50.69,0.9724,Quick,Random
1298,50.66,0.9322,Quick,Random
1536,50.55,0.9284,Quick,Random
993,50.20,0.9496,Quick,Random
1714,49.74,0.9189,Quick,Random
948,49.95,0.9515,Quick,Random
1010,50.45,0.9515,Quick,Random
872,50.52,0.9622,Quick,Random
1311,49.92,0.9382,Quick,Random
1146,51.09,0.9424,Quick,Random
1626,49.97,0.9182,Quick,Random
1028,47.71,0.9572,Quick,Random
1604,49.41,0.9158,Quick,Random
706,49.50,0.9632,Quick,Random
1222,50.45,0.9403,Quick,Random
196,49.23,1.0000,Insertion,Random
1996,50.43,0.9118,Quick,Random
148,51.02,0.9730,Insertion,Random
837,49.88,0.9594,Quick,Random
174,50.87,0.9943,Insertion,Random
939,53.30,0.9478,Quick,Random
985,50.30,0.9462,Quick,Random
1945,49.43,0.9085,Quick,Random
1544,49.32,0.9119,Quick,Random
252,47.41,0.9841,Insertion,Random
650,50.08,0.9785,Quick,Random
1529,50.85,0.9379,Quick,Random
226,52.00,0.9823,Insertion,Random
430,48.95,0.9651,Quick,Random
242,51.45,0.9917,Quick,Random
918,50.27,0.9532,Quick,Random
1075,50.37,0.9516,Quick,Random
1574,50.35,0.9199,Quick,Random
469,50.64,0.9765,Quick,Random
1153,50.26,0.9506,Quick,Random
1110,48.96,0.9414,Quick,Random
1851,50.97,0.9092,Quick,Random
671,51.34,0.9776,Quick,Random
1011,51.88,0.9585,Quick,Random
1149,48.69,0.9365,Quick,Random
1820,49.92,0.9165,Quick,Random
707,50.57,0.9731,Quick,Random
760,49.67,0.9605,Quick,Random
1950,50.08,0.9159,Quick,Random
1228,48.66,0.9544,Quick,Random
1808,50.30,0.9159,Quick,Random
1390,48.16,0.9396,Quick,Random
1786,48.91,0.9216,Quick,Random
1586,49.53,0.9325,Quick,Random
1189,51.18,0.9495,Quick,Random
301,48.33,0.9834,Quick,Random
1327,50.15,0.9299,Quick,Random
1360,49.60,0.9426,Quick,Random
1222,49.30,0.9435,Quick,Random
789,51.14,0.9645,Quick,Random
1013,50.99,0.9526,Quick,Random
1611,48.51,0.9212,Quick,Random
1366,49.82,0.9422,Quick,Random
256,50.59,0.9961,Insertion,Random
163,47.53,1.0000,Insertion,Random
488,50.51,0.9672,Quick,Random
155,55.84,0.9806,Insertion,Random
301,50.67,0.9967,Insertion,Random
1188,50.72,0.9444,Quick,Random
259,50.00,0.9923,Insertion,Random
1573,50.57,0.9282,Quick,Random
159,50.00,0.9874,Insertion,Random
388,49.87,0.9768,Quick,Random
536,49.53,0.9739,Quick,Random
1914,48.77,0.9175,Quick,Random
1042,49.09,0.9587,Quick,Random
521,51.92,0.9750,Quick,Random
635,51.10,0.9780,Quick,Random
1905,50.05,0.9176,Quick,Random
1786,49.24,0.9255,Quick,Random
1767,48.87,0.9196,Quick,Random
1894,49.39,0.9102,Quick,Random
357,52.53,0.9916,Quick,Random
1354,49.45,0.9357,Quick,Random
441,49.55,0.9728,Quick,Random
1830,50.63,0.9191,Quick,Random
618,50.41,0.9741,Quick,Random
1732,50.55,0.9197,Quick,Random
1423,49.72,0.9276,Quick,Random
756,47.95,0.9669,Quick,Random
1656,50.03,0.9173,Quick,Random
1191,50.67,0.9395,Quick,Random
494,51.12,0.9798,Quick,Random
1780,49.63,0.9163,Quick,Random
1421,49.79,0.9226,Quick,Random
447,50.45,0.9888,Quick,Random
1642,50.27,0.9178,Quick,Random
527,49.81,0.9886,Quick,Random
957,50.42,0.9540,Quick,Random
202,48.76,0.9950,Insertion,Random
130,46.51,0.9923,Insertion,Random
517,50.97,0.9729,Quick,Random
1165,50.43,0.9416,Quick,Random
1449,50.00,0.9303,Quick,Random
205,50.00,0.9854,Insertion,Random
1393,48.78,0.9332,Quick,Random
1100,51.50,0.9500,Quick,Random
1097,49.91,0.9517,Quick,Random
1479,49.19,0.9283,Quick,Random
390,48.59,0.9821,Quick,Random
1622,48.98,0.9205,Quick,Random
597,49.66,0.9514,Quick,Random
1957,50.31,0.9142,Quick,Random
482,50.52,0.9855,Quick,Random
1814,50.69,0.9096,Quick,Random
3459,50.26,0.8474,Quick,Random
4864,50.03,0.7979,Quick,Random
4287,49.25,0.8141,Quick,Random
4361,49.98,0.8081,Quick,Random
2611,49.50,0.8832,Quick,Random
4422,49.60,0.8008,Quick,Random
1951,48.87,0.9139,Quick,Random
1258,50.04,0.9396,Quick,Random
3906,49.91,0.8287,Quick,Random
4017,48.98,0.8153,Quick,Random
817,48.65,0.9535,Quick,Random
3243,49.66,0.8597,Quick,Random
577,51.39,0.9723,Quick,Random
3101,50.03,0.8536,Quick,Random
2488,49.94,0.8794,Quick,Random
2047,49.61,0.9091,Quick,Random
2654,49.49,0.8670,Quick,Random
2342,48.83,0.8967,Quick,Random
2810,50.34,0.8698,Quick,Random
3939,49.87,0.8195,Quick,Random
4918,49.71,0.7849,Quick,Random
3898,50.53,0.8286,Quick,Random
774,51.75,0.9651,Quick,Random
2346,50.23,0.8947,Quick,Random
1062,49.20,0.9350,Quick,Random
3721,50.30,0.8323,Quick,Random
4933,50.16,0.7798,Quick,Random
4652,50.33,0.7997,Quick,Random
1083,51.94,0.9474,Quick,Random
3736,49.29,0.8381,Quick,Random
4100,49.70,0.8249,Quick,Random
3675,49.43,0.8305,Quick,Random
814,49.57,0.9779,Quick,Random
3928,51.24,0.8282,Quick,Random
2986,49.11,0.8573,Quick,Random
1466,49.22,0.9304,Quick,Random
4553,50.81,0.7975,Quick,Random
1912,49.29,0.9174,Quick,Random
4665,50.28,0.7919,Quick,Random
3736,49.75,0.8330,Quick,Random
4342,50.26,0.8075,Quick,Random
3389,50.30,0.8401,Quick,Random
4841,49.30,0.7825,Quick,Random
1296,50.50,0.9437,Quick,Random
3600,50.76,0.8408,Quick,Random
4166,50.13,0.8229,Quick,Random
2425,50.37,0.8870,Quick,Random
4774,49.53,0.7926,Quick,Random
3380,50.31,0.8541,Quick,Random
2594,48.75,0.8863,Quick,Random
704,51.64,0.9688,Quick,Random
2842,50.86,0.8624,Quick,Random
4921,49.53,0.7960,Quick,Random
3122,50.72,0.8546,Quick,Random
3705,50.43,0.8381,Quick,Random
3857,50.52,0.8286,Quick,Random
771,49.61,0.9844,Quick,Random
2110,48.89,0.9052,Quick,Random
1738,50.26,0.9206,Quick,Random
2586,49.13,0.8751,Quick,Random
3509,50.54,0.8438,Quick,Random
3145,50.25,0.8579,Quick,Random
2180,49.75,0.9009,Quick,Random
802,48.56,0.9613,Quick,Random
2298,49.46,0.9003,Quick,Random
612,50.25,0.9706,Quick,Random
3474,50.24,0.8489,Quick,Random
1235,47.89,0.9304,Quick,Random
1805,49.56,0.9097,Quick,Random
3648,50.40,0.8328,Quick,Random
2606,49.90,0.8845,Quick,Random
2493,48.80,0.8993,Quick,Random
4710,49.35,0.7945,Quick,Random
2145,49.81,0.8923,Quick,Random
2970,49.98,0.8549,Quick,Random
3605,50.44,0.8430,Quick,Random
3637,49.86,0.8386,Quick,Random
4791,50.08,0.7865,Quick,Random
532,50.09,0.9793,Quick,Random
1976,50.38,0.9094,Quick,Random
1759,49.94,0.9187,Quick,Random
4935,49.35,0.7909,Quick,Random
1305,50.92,0.9341,Quick,Random
2588,50.56,0.8845,Quick,Random
3577,49.52,0.8429,Quick,Random
1223,50.74,0.9411,Quick,Random
554,48.64,0.9783,Quick,Random
763,51.31,0.9567,Quick,Random
1659,50.54,0.9066,Quick,Random
4927,49.78,0.7899,Quick,Random
1456,49.35,0.9313,Quick,Random
3127,50.45,0.8571,Quick,Random
3176,50.39,0.8615,Quick,Random
1415,49.50,0.9286,Quick,Random
1151,49.13,0.9374,Quick,Random
1919,50.00,0.9078,Quick,Random
4885,49.65,0.7957,Quick,Random
4465,50.56,0.8094,Quick,Random
2126,49.18,0.9125,Quick,Random
1948,49.82,0.9050,Quick,Random
3014,50.02,0.8666,Quick,Random
3631,50.85,0.8378,Quick,Random
2014,49.88,0.9116,Quick,Random
2024,50.57,0.9051,Quick,Random
1844,50.46,0.9024,Quick,Random
4091,50.24,0.8216,Quick,Random
3785,50.69,0.8275,Quick,Random
2400,49.77,0.8775,Quick,Random
4489,50.42,0.8071,Quick,Random
604,50.25,0.9752,Quick,Random
2479,49.80,0.8919,Quick,Random
4522,50.34,0.8050,Quick,Random
1921,49.22,0.9105,Quick,Random
1237,50.89,0.9483,Quick,Random
3935,49.95,0.8267,Quick,Random
2165,49.63,0.8942,Quick,Random
3056,49.49,0.8596,Quick,Random
1683,49.17,0.9186,Quick,Random
1791,50.22,0.9112,Quick,Random
3884,50.19,0.8344,Quick,Random
2153,49.58,0.9048,Quick,Random
2249,49.24,0.8884,Quick,Random
1845,49.46,0.9106,Quick,Random
3587,50.14,0.8489,Quick,Random
2549,50.08,0.8854,Quick,Random
3303,50.51,0.8453,Quick,Random
1440,50.45,0.9326,Quick,Random
535,50.56,0.9607,Quick,Random
629,51.59,0.9523,Quick,Random
4317,49.70,0.8163,Quick,Random
4184,49.29,0.8255,Quick,Random
698,50.22,0.9728,Quick,Random
3028,50.38,0.8573,Quick,Random
2805,50.61,0.8834,Quick,Random
3761,49.57,0.8298,Quick,Random
3935,50.64,0.8328,Quick,Random
2348,49.47,0.8922,Quick,Random
525,48.09,0.9752,Quick,Random
1982,49.47,0.9087,Quick,Random
3720,49.66,0.8384,Quick,Random
4694,50.48,0.7968,Quick,Random
2568,48.85,0.8836,Quick,Random
3677,50.08,0.8336,Quick,Random
1565,49.94,0.9208,Quick,Random
1214,51.20,0.9514,Quick,Random
3815,50.39,0.8239,Quick,Random
644,52.26,0.9503,Quick,Random
4179,49.55,0.8253,Quick,Random
4942,50.27,0.7928,Quick,Random
4834,50.63,0.7960,Quick,Random
3366,50.73,0.8556,Quick,Random
4964,49.71,0.7901,Quick,Random
2997,50.23,0.8619,Quick,Random
3203,49.06,0.8573,Quick,Random
3957,49.72,0.8244,Quick,Random
3570,51.70,0.8392,Quick,Random
3957,50.20,0.8201,Quick,Random
1178,50.13,0.9448,Quick,Random
3424,50.45,0.8359,Quick,Random
1680,50.09,0.9149,Quick,Random
2305,48.48,0.8959,Quick,Random
525,49.43,0.9695,Quick,Random
3785,50.08,0.8365,Quick,Random
654,50.54,0.9648,Quick,Random
2328,49.20,0.8935,Quick,Random
3266,49.56,0.8491,Quick,Random
274,93.04,1.0000,Insertion,NearlySorted
370,97.83,1.0000,Insertion,NearlySorted
78,81.82,1.0000,Insertion,NearlySorted
174,96.53,1.0000,Insertion,NearlySorted
449,96.43,1.0000,Insertion,NearlySorted
196,98.97,1.0000,Insertion,NearlySorted
321,97.19,1.0000,Insertion,NearlySorted
32,74.19,1.0000,Insertion,NearlySorted
92,87.91,1.0000,Insertion,NearlySorted
168,91.62,1.0000,Insertion,NearlySorted
489,97.34,1.0000,Insertion,NearlySorted
245,99.18,1.0000,Insertion,NearlySorted
39,84.21,1.0000,Bubble,NearlySorted
473,99.58,1.0000,Insertion,NearlySorted
40,89.74,1.0000,Bubble,NearlySorted
453,97.79,1.0000,Insertion,NearlySorted
69,88.24,1.0000,Insertion,NearlySorted
22,90.48,1.0000,Bubble,NearlySorted
173,90.70,1.0000,Insertion,NearlySorted
244,95.06,1.0000,Insertion,NearlySorted
305,95.39,1.0000,Insertion,NearlySorted
331,96.36,1.0000,Insertion,NearlySorted
208,92.75,1.0000,Insertion,NearlySorted
125,95.16,1.0000,Insertion,NearlySorted
346,94.49,1.0000,Insertion,NearlySorted
192,97.91,1.0000,Insertion,NearlySorted
462,97.18,1.0000,Insertion,NearlySorted
489,98.16,1.0000,Insertion,NearlySorted
17,87.50,1.0000,Bubble,NearlySorted
45,86.36,1.0000,Insertion,NearlySorted
301,98.67,1.0000,Insertion,NearlySorted
438,97.03,1.0000,Insertion,NearlySorted
388,97.42,1.0000,Insertion,NearlySorted
61,85.00,1.0000,Insertion,NearlySorted
243,98.35,1.0000,Insertion,NearlySorted
110,91.74,1.0000,Insertion,NearlySorted
141,87.86,1.0000,Insertion,NearlySorted
248,98.38,1.0000,Insertion,NearlySorted
226,93.78,1.0000,Insertion,NearlySorted
187,94.62,1.0000,Insertion,NearlySorted
498,97.59,1.0000,Insertion,NearlySorted
211,99.05,1.0000,Insertion,NearlySorted
211,92.38,1.0000,Insertion,NearlySorted
342,96.77,1.0000,Insertion,NearlySorted
475,96.62,1.0000,Insertion,NearlySorted
420,95.70,1.0000,Insertion,NearlySorted
181,91.67,1.0000,Insertion,NearlySorted
95,95.74,1.0000,Insertion,NearlySorted
81,83.75,1.0000,Insertion,NearlySorted
279,96.04,1.0000,Insertion,NearlySorted
311,97.10,1.0000,Insertion,NearlySorted
498,97.59,1.0000,Insertion,NearlySorted
398,94.96,1.0000,Insertion,NearlySorted
133,90.15,1.0000,Insertion,NearlySorted
497,99.60,1.0000,Insertion,NearlySorted
490,97.96,1.0000,Insertion,NearlySorted
312,95.18,1.0000,Insertion,NearlySorted
224,99.10,1.0000,Insertion,NearlySorted
185,98.37,1.0000,Insertion,NearlySorted
55,92.59,1.0000,Bubble,NearlySorted
425,98.11,1.0000,Insertion,NearlySorted
500,99.20,1.0000,Insertion,NearlySorted
214,91.55,1.0000,Insertion,NearlySorted
173,98.84,1.0000,Insertion,NearlySorted
400,97.99,1.0000,Insertion,NearlySorted
380,98.42,1.0000,Insertion,NearlySorted
473,99.15,1.0000,Insertion,NearlySorted
400,96.99,1.0000,Insertion,NearlySorted
371,96.49,1.0000,Insertion,NearlySorted
147,95.89,1.0000,Insertion,NearlySorted
178,92.66,1.0000,Insertion,NearlySorted
360,98.89,1.0000,Insertion,NearlySorted
230,93.01,1.0000,Insertion,NearlySorted
457,97.15,1.0000,Insertion,NearlySorted
312,96.14,1.0000,Insertion,NearlySorted
431,98.14,1.0000,Insertion,NearlySorted
387,95.85,1.0000,Insertion,NearlySorted
87,87.21,1.0000,Insertion,NearlySorted
346,96.52,1.0000,Insertion,NearlySorted
336,97.61,1.0000,Insertion,NearlySorted
410,95.11,1.0000,Insertion,NearlySorted
260,95.75,1.0000,Insertion,NearlySorted
452,95.79,1.0000,Insertion,NearlySorted
180,98.88,1.0000,Insertion,NearlySorted
357,95.22,1.0000,Insertion,NearlySorted
441,98.64,1.0000,Insertion,NearlySorted
350,94.84,1.0000,Insertion,NearlySorted
320,95.61,1.0000,Insertion,NearlySorted
213,92.92,1.0000,Insertion,NearlySorted
384,95.82,1.0000,Insertion,NearlySorted
421,95.71,1.0000,Insertion,NearlySorted
200,92.46,1.0000,Insertion,NearlySorted
209,93.75,1.0000,Insertion,NearlySorted
348,96.54,1.0000,Insertion,NearlySorted
357,96.63,1.0000,Insertion,NearlySorted
489,96.72,1.0000,Insertion,NearlySorted
169,95.24,1.0000,Insertion,NearlySorted
152,94.04,1.0000,Insertion,NearlySorted
191,96.84,1.0000,Insertion,NearlySorted
432,98.61,1.0000,Insertion,NearlySorted
137,94.12,1.0000,Insertion,NearlySorted
194,97.93,1.0000,Insertion,NearlySorted
264,96.58,1.0000,Insertion,NearlySorted
94,97.85,1.0000,Insertion,NearlySorted
400,97.24,1.0000,Insertion,NearlySorted
261,98.46,1.0000,Insertion,NearlySorted
295,97.28,1.0000,Insertion,NearlySorted
153,100.00,1.0000,Bubble,NearlySorted
124,91.87,1.0000,Insertion,NearlySorted
83,86.59,1.0000,Insertion,NearlySorted
494,99.59,1.0000,Insertion,NearlySorted
128,96.85,1.0000,Insertion,NearlySorted
475,98.73,1.0000,Insertion,NearlySorted
422,97.15,1.0000,Insertion,NearlySorted
354,98.30,1.0000,Insertion,NearlySorted
186,92.43,1.0000,Insertion,NearlySorted
155,93.51,1.0000,Insertion,NearlySorted
465,96.34,1.0000,Insertion,NearlySorted
59,84.48,1.0000,Insertion,NearlySorted
379,98.15,1.0000,Insertion,NearlySorted
64,79.37,1.0000,Insertion,NearlySorted
445,97.30,1.0000,Insertion,NearlySorted
126,96.00,1.0000,Insertion,NearlySorted
459,98.25,1.0000,Insertion,NearlySorted
106,95.24,1.0000,Insertion,NearlySorted
466,99.57,1.0000,Insertion,NearlySorted
202,92.54,1.0000,Insertion,NearlySorted
46,75.56,1.0000,Insertion,NearlySorted
267,95.86,1.0000,Insertion,NearlySorted
263,96.56,1.0000,Insertion,NearlySorted
227,99.12,1.0000,Insertion,NearlySorted
338,95.85,1.0000,Insertion,NearlySorted
500,95.99,1.0000,Insertion,NearlySorted
101,90.00,1.0000,Insertion,NearlySorted
328,95.41,1.0000,Insertion,NearlySorted
219,99.08,1.0000,Insertion,NearlySorted
340,99.41,1.0000,Insertion,NearlySorted
54,86.79,1.0000,Insertion,NearlySorted
303,98.68,1.0000,Insertion,NearlySorted
143,92.25,1.0000,Insertion,NearlySorted
82,95.06,1.0000,Insertion,NearlySorted
424,95.74,1.0000,Insertion,NearlySorted
123,95.90,1.0000,Insertion,NearlySorted
416,98.07,1.0000,Insertion,NearlySorted
137,86.76,1.0000,Insertion,NearlySorted
82,95.06,1.0000,Bubble,NearlySorted
356,97.75,1.0000,Insertion,NearlySorted
260,97.68,1.0000,Insertion,NearlySorted
16,60.00,1.0000,Bubble,NearlySorted
424,98.58,1.0000,Insertion,NearlySorted
86,83.53,1.0000,Insertion,NearlySorted
409,96.57,1.0000,Insertion,NearlySorted
125,98.39,1.0000,Insertion,NearlySorted
140,95.68,1.0000,Insertion,NearlySorted
54,75.47,1.0000,Insertion,NearlySorted
59,81.03,1.0000,Insertion,NearlySorted
162,90.68,1.0000,Insertion,NearlySorted
220,97.26,1.0000,Insertion,NearlySorted
369,98.91,1.0000,Insertion,NearlySorted
52,90.20,1.0000,Insertion,NearlySorted
203,96.04,1.0000,Insertion,NearlySorted
493,96.34,1.0000,Insertion,NearlySorted
399,97.24,1.0000,Insertion,NearlySorted
143,92.25,1.0000,Insertion,NearlySorted
33,65.62,1.0000,Insertion,NearlySorted
162,92.55,1.0000,Insertion,NearlySorted
1560,95.32,1.0000,Quick,NearlySorted
1744,96.56,1.0000,Quick,NearlySorted
1669,98.26,1.0000,Merge,NearlySorted
918,96.40,1.0000,Insertion,NearlySorted
1708,94.67,1.0000,Quick,NearlySorted
1188,94.61,1.0000,Quick,NearlySorted
909,96.70,1.0000,Insertion,NearlySorted
331,78.79,1.0000,Insertion,NearlySorted
211,88.10,1.0000,Insertion,NearlySorted
1684,95.72,1.0000,Quick,NearlySorted
1835,95.86,1.0000,Quick,NearlySorted
319,78.62,1.0000,Insertion,NearlySorted
1130,93.62,1.0000,Quick,NearlySorted
1754,94.64,1.0000,Quick,NearlySorted
1501,95.40,1.0000,Quick,NearlySorted
1825,97.04,1.0000,Quick,NearlySorted
1939,96.28,1.0000,Merge,NearlySorted
1368,96.20,1.0000,Quick,NearlySorted
1284,95.09,1.0000,Quick,NearlySorted
1730,95.95,1.0000,Quick,NearlySorted
1671,99.16,1.0000,Merge,NearlySorted
1191,97.90,1.0000,Merge,NearlySorted
621,88.71,1.0000,Insertion,NearlySorted
1835,96.18,1.0000,Quick,NearlySorted
1876,96.27,1.0000,Quick,NearlySorted
1842,97.12,1.0000,Merge,NearlySorted
101,81.00,1.0000,Insertion,NearlySorted
409,83.09,1.0000,Insertion,NearlySorted
961,95.10,1.0000,Insertion,NearlySorted
1335,97.75,1.0000,Quick,NearlySorted
1461,94.66,1.0000,Quick,NearlySorted
1384,94.87,1.0000,Quick,NearlySorted
995,91.55,1.0000,Insertion,NearlySorted
1762,95.29,1.0000,Quick,NearlySorted
1502,94.54,1.0000,Quick,NearlySorted
1502,96.80,1.0000,Quick,NearlySorted
1665,94.71,1.0000,Quick,NearlySorted
285,79.58,1.0000,Insertion,NearlySorted
1627,96.06,1.0000,Quick,NearlySorted
576,98.26,1.0000,Insertion,NearlySorted
1313,98.32,1.0000,Merge,NearlySorted
1828,95.79,1.0000,Quick,NearlySorted
1751,96.86,1.0000,Quick,NearlySorted
1545,94.04,1.0000,Quick,NearlySorted
713,96.21,1.0000,Insertion,NearlySorted
1109,94.77,1.0000,Quick,NearlySorted
1880,95.00,1.0000,Quick,NearlySorted
638,95.92,1.0000,Insertion,NearlySorted
1498,97.73,1.0000,Quick,NearlySorted
1383,96.89,1.0000,Quick,NearlySorted
290,88.93,1.0000,Insertion,NearlySorted
1270,94.72,1.0000,Quick,NearlySorted
1288,95.73,1.0000,Quick,NearlySorted
543,92.44,1.0000,Insertion,NearlySorted
1024,97.65,1.0000,Quick,NearlySorted
498,84.10,1.0000,Insertion,NearlySorted
1570,97.20,1.0000,Quick,NearlySorted
1208,98.26,1.0000,Merge,NearlySorted
1562,97.50,1.0000,Merge,NearlySorted
1350,95.85,1.0000,Quick,NearlySorted
1826,96.16,1.0000,Quick,NearlySorted
549,93.98,1.0000,Insertion,NearlySorted
1296,97.22,1.0000,Quick,NearlySorted
481,90.00,1.0000,Insertion,NearlySorted
328,96.02,1.0000,Insertion,NearlySorted
297,87.16,1.0000,Insertion,NearlySorted
1503,99.07,1.0000,Merge,NearlySorted
347,97.11,1.0000,Insertion,NearlySorted
1346,94.20,1.0000,Quick,NearlySorted
120,63.87,1.0000,Insertion,NearlySorted
890,91.79,1.0000,Insertion,NearlySorted
1805,98.00,1.0000,Quick,NearlySorted
1469,94.28,1.0000,Quick,NearlySorted
977,95.29,1.0000,Insertion,NearlySorted
1472,96.40,1.0000,Quick,NearlySorted
454,88.30,1.0000,Insertion,NearlySorted
364,92.56,1.0000,Insertion,NearlySorted
1955,99.49,1.0000,Merge,NearlySorted
1323,96.22,1.0000,Quick,NearlySorted
1207,93.37,1.0000,Quick,NearlySorted
1412,95.25,1.0000,Quick,NearlySorted
1710,96.84,1.0000,Quick,NearlySorted
1545,94.95,1.0000,Quick,NearlySorted
1291,96.43,1.0000,Quick,NearlySorted
689,91.42,1.0000,Insertion,NearlySorted
1131,95.22,1.0000,Quick,NearlySorted
696,91.94,1.0000,Insertion,NearlySorted
373,91.94,1.0000,Insertion,NearlySorted
278,81.95,1.0000,Insertion,NearlySorted
431,89.30,1.0000,Insertion,NearlySorted
1720,97.85,1.0000,Merge,NearlySorted
1140,92.27,1.0000,Quick,NearlySorted
863,95.01,1.0000,Insertion,NearlySorted
811,89.51,1.0000,Insertion,NearlySorted
1378,97.02,1.0000,Quick,NearlySorted
426,81.65,1.0000,Insertion,NearlySorted
1254,94.65,1.0000,Quick,NearlySorted
663,88.52,1.0000,Insertion,NearlySorted
622,89.05,1.0000,Insertion,NearlySorted
632,87.96,1.0000,Insertion,NearlySorted
938,91.57,1.0000,Insertion,NearlySorted
420,88.07,1.0000,Insertion,NearlySorted
1860,95.97,1.0000,Quick,NearlySorted
1938,95.77,1.0000,Quick,NearlySorted
1338,97.08,1.0000,Merge,NearlySorted
564,90.59,1.0000,Insertion,NearlySorted
1941,96.24,1.0000,Quick,NearlySorted
1288,94.48,1.0000,Quick,NearlySorted
1477,94.65,1.0000,Quick,NearlySorted
411,82.20,1.0000,Insertion,NearlySorted
383,94.24,1.0000,Insertion,NearlySorted
123,77.87,1.0000,Insertion,NearlySorted
888,92.11,1.0000,Insertion,NearlySorted
1225,98.86,1.0000,Merge,NearlySorted
769,96.88,1.0000,Insertion,NearlySorted
1802,96.00,1.0000,Quick,NearlySorted
1247,92.78,1.0000,Quick,NearlySorted
437,89.91,1.0000,Insertion,NearlySorted
526,86.29,1.0000,Insertion,NearlySorted
1105,96.74,1.0000,Quick,NearlySorted
456,85.93,1.0000,Insertion,NearlySorted
745,95.03,1.0000,Insertion,NearlySorted
1230,97.88,1.0000,Quick,NearlySorted
967,97.10,1.0000,Insertion,NearlySorted
322,82.55,1.0000,Insertion,NearlySorted
787,98.73,1.0000,Insertion,NearlySorted
841,89.52,1.0000,Insertion,NearlySorted
160,72.96,1.0000,Insertion,NearlySorted
1730,98.38,1.0000,Merge,NearlySorted
1950,98.56,1.0000,Merge,NearlySorted
1277,99.22,1.0000,Merge,NearlySorted
1766,97.51,1.0000,Quick,NearlySorted
1060,92.92,1.0000,Quick,NearlySorted
1267,94.79,1.0000,Quick,NearlySorted
428,88.99,1.0000,Insertion,NearlySorted
347,77.75,1.0000,Insertion,NearlySorted
1973,96.15,1.0000,Quick,NearlySorted
690,88.53,1.0000,Insertion,NearlySorted
373,94.62,1.0000,Insertion,NearlySorted
947,91.65,1.0000,Insertion,NearlySorted
1569,94.45,1.0000,Quick,NearlySorted
1288,96.97,1.0000,Merge,NearlySorted
862,92.45,1.0000,Insertion,NearlySorted
101,62.00,1.0000,Insertion,NearlySorted
1195,97.57,1.0000,Merge,NearlySorted
951,98.74,1.0000,Insertion,NearlySorted
182,74.03,1.0000,Insertion,NearlySorted
820,95.48,1.0000,Insertion,NearlySorted
963,92.31,1.0000,Insertion,NearlySorted
1315,96.12,1.0000,Quick,NearlySorted
719,91.64,1.0000,Insertion,NearlySorted
298,93.27,1.0000,Insertion,NearlySorted
1374,96.21,1.0000,Quick,NearlySorted
1505,99.07,1.0000,Merge,NearlySorted
1471,96.80,1.0000,Merge,NearlySorted
1150,95.82,1.0000,Quick,NearlySorted
142,69.50,1.0000,Insertion,NearlySorted
644,93.62,1.0000,Insertion,NearlySorted
1711,96.96,1.0000,Quick,NearlySorted
539,93.49,1.0000,Insertion,NearlySorted
1659,97.95,1.0000,Merge,NearlySorted
1468,94.55,1.0000,Quick,NearlySorted
993,91.83,1.0000,Insertion,NearlySorted
1626,94.34,1.0000,Quick,NearlySorted
797,97.36,1.0000,Insertion,NearlySorted
1393,94.97,1.0000,Quick,NearlySorted
1092,98.90,1.0000,Merge,NearlySorted
982,84.71,1.0000,Insertion,NearlySorted
1681,95.36,1.0000,Quick,NearlySorted
1799,97.44,1.0000,Quick,NearlySorted
4718,96.86,1.0000,Quick,NearlySorted
3539,97.74,1.0000,Quick,NearlySorted
2302,97.04,1.0000,Quick,NearlySorted
3194,97.34,1.0000,Quick,NearlySorted
1366,92.75,1.0000,Quick,NearlySorted
4352,96.53,1.0000,Quick,NearlySorted
2221,93.65,1.0000,Quick,NearlySorted
3006,97.60,1.0000,Quick,NearlySorted
2311,96.93,1.0000,Quick,NearlySorted
3057,96.47,1.0000,Quick,NearlySorted
4462,98.21,1.0000,Merge,NearlySorted
1079,95.83,1.0000,Quick,NearlySorted
4674,98.01,1.0000,Quick,NearlySorted
554,79.75,1.0000,Insertion,NearlySorted
3455,98.84,1.0000,Merge,NearlySorted
3979,98.11,1.0000,Merge,NearlySorted
1504,89.82,1.0000,Quick,NearlySorted
4034,98.04,1.0000,Merge,NearlySorted
1340,91.34,1.0000,Quick,NearlySorted
4944,99.43,1.0000,Merge,NearlySorted
3113,97.43,1.0000,Merge,NearlySorted
1709,91.74,1.0000,Quick,NearlySorted
4176,96.02,1.0000,Quick,NearlySorted
3118,94.77,1.0000,Quick,NearlySorted
4871,97.62,1.0000,Quick,NearlySorted
4023,97.64,1.0000,Merge,NearlySorted
666,83.61,1.0000,Insertion,NearlySorted
1426,90.53,1.0000,Quick,NearlySorted
828,87.30,1.0000,Insertion,NearlySorted
1946,96.40,1.0000,Quick,NearlySorted
3840,95.49,1.0000,Merge,NearlySorted
4101,97.66,1.0000,Merge,NearlySorted
1021,87.35,1.0000,Quick,NearlySorted
1882,97.18,1.0000,Quick,NearlySorted
2630,96.31,1.0000,Quick,NearlySorted
2046,95.26,1.0000,Quick,NearlySorted
4396,99.48,1.0000,Merge,NearlySorted
4350,98.83,1.0000,Merge,NearlySorted
771,81.17,1.0000,Insertion,NearlySorted
1310,87.70,1.0000,Quick,NearlySorted
3452,96.35,1.0000,Quick,NearlySorted
1297,88.73,1.0000,Quick,NearlySorted
2614,92.73,1.0000,Quick,NearlySorted
1845,97.18,1.0000,Quick,NearlySorted
1688,91.58,1.0000,Quick,NearlySorted
2251,92.98,1.0000,Quick,NearlySorted
1841,96.20,1.0000,Quick,NearlySorted
2132,93.20,1.0000,Quick,NearlySorted
2033,98.82,1.0000,Quick,NearlySorted
1777,94.88,1.0000,Quick,NearlySorted
1804,95.78,1.0000,Quick,NearlySorted
1365,96.92,1.0000,Quick,NearlySorted
2285,97.37,1.0000,Quick,NearlySorted
4109,98.76,1.0000,Merge,NearlySorted
2904,99.35,1.0000,Merge,NearlySorted
4233,97.33,1.0000,Merge,NearlySorted
861,84.07,1.0000,Insertion,NearlySorted
677,77.66,1.0000,Insertion,NearlySorted
1955,93.24,1.0000,Quick,NearlySorted
3237,96.91,1.0000,Merge,NearlySorted
4965,96.19,1.0000,Quick,NearlySorted
1665,95.01,1.0000,Quick,NearlySorted
1484,94.74,1.0000,Quick,NearlySorted
4561,97.89,1.0000,Merge,NearlySorted
4687,95.92,1.0000,Quick,NearlySorted
671,83.58,1.0000,Insertion,NearlySorted
2353,95.79,1.0000,Quick,NearlySorted
4647,96.15,1.0000,Quick,NearlySorted
674,82.17,1.0000,Insertion,NearlySorted
4933,97.32,1.0000,Merge,NearlySorted
1459,91.84,1.0000,Quick,NearlySorted
2095,92.41,1.0000,Quick,NearlySorted
3686,95.63,1.0000,Quick,NearlySorted
1237,88.03,1.0000,Quick,NearlySorted
1762,97.84,1.0000,Merge,NearlySorted
756,92.45,1.0000,Insertion,NearlySorted
3786,98.20,1.0000,Merge,NearlySorted
3780,95.95,1.0000,Quick,NearlySorted
3906,95.72,1.0000,Quick,NearlySorted
4489,98.13,1.0000,Merge,NearlySorted
2936,98.30,1.0000,Merge,NearlySorted
773,81.22,1.0000,Quick,NearlySorted
4178,98.08,1.0000,Merge,NearlySorted
947,96.19,1.0000,Insertion,NearlySorted
4325,96.62,1.0000,Quick,NearlySorted
1377,91.79,1.0000,Quick,NearlySorted
4602,99.57,1.0000,Merge,NearlySorted
3958,98.79,1.0000,Merge,NearlySorted
4379,99.27,1.0000,Merge,NearlySorted
3603,95.56,1.0000,Quick,NearlySorted
4216,95.75,1.0000,Quick,NearlySorted
4940,96.50,1.0000,Quick,NearlySorted
2855,93.45,1.0000,Quick,NearlySorted
3689,97.72,1.0000,Quick,NearlySorted
894,93.62,1.0000,Insertion,NearlySorted
3743,95.99,1.0000,Quick,NearlySorted
4950,96.61,1.0000,Quick,NearlySorted
4794,96.79,1.0000,Quick,NearlySorted
2975,94.42,1.0000,Quick,NearlySorted
855,82.44,1.0000,Insertion,NearlySorted
3326,97.86,1.0000,Quick,NearlySorted
3935,97.97,1.0000,Merge,NearlySorted
3691,95.99,1.0000,Quick,NearlySorted
3317,94.72,1.0000,Quick,NearlySorted
1336,95.58,1.0000,Quick,NearlySorted
1240,96.77,1.0000,Quick,NearlySorted
964,89.30,1.0000,Insertion,NearlySorted
3541,95.59,1.0000,Quick,NearlySorted
1596,89.97,1.0000,Quick,NearlySorted
859,82.28,1.0000,Insertion,NearlySorted
1569,89.80,1.0000,Quick,NearlySorted
2723,96.33,1.0000,Quick,NearlySorted
4034,96.63,1.0000,Quick,NearlySorted
2318,99.14,1.0000,Merge,NearlySorted
1303,86.41,1.0000,Quick,NearlySorted
849,95.40,1.0000,Insertion,NearlySorted
4351,96.80,1.0000,Quick,NearlySorted
3125,95.36,1.0000,Quick,NearlySorted
2308,96.45,1.0000,Quick,NearlySorted
2978,98.52,1.0000,Quick,NearlySorted
1862,93.18,1.0000,Quick,NearlySorted
681,87.21,1.0000,Insertion,NearlySorted
2612,95.21,1.0000,Quick,NearlySorted
1795,94.70,1.0000,Quick,NearlySorted
2331,95.97,1.0000,Quick,NearlySorted
4255,96.40,1.0000,Quick,NearlySorted
4848,97.24,1.0000,Quick,NearlySorted
2533,95.81,1.0000,Quick,NearlySorted
1831,95.79,1.0000,Quick,NearlySorted
2373,97.98,1.0000,Quick,NearlySorted
1889,90.41,1.0000,Quick,NearlySorted
3012,98.01,1.0000,Quick,NearlySorted
1336,90.71,1.0000,Quick,NearlySorted
3289,97.72,1.0000,Quick,NearlySorted
3858,98.37,1.0000,Merge,NearlySorted
3946,95.94,1.0000,Quick,NearlySorted
4120,98.49,1.0000,Merge,NearlySorted
756,95.23,1.0000,Insertion,NearlySorted
2586,93.69,1.0000,Quick,NearlySorted
1475,90.16,1.0000,Quick,NearlySorted
4272,98.92,1.0000,Merge,NearlySorted
1237,86.57,1.0000,Quick,NearlySorted
3817,95.41,1.0000,Quick,NearlySorted
4840,97.00,1.0000,Merge,NearlySorted
1124,89.76,1.0000,Quick,NearlySorted
2033,93.85,1.0000,Quick,NearlySorted
742,80.97,1.0000,Insertion,NearlySorted
2642,92.88,1.0000,Quick,NearlySorted
1419,91.18,1.0000,Quick,NearlySorted
1539,92.20,1.0000,Quick,NearlySorted
4400,99.11,1.0000,Merge,NearlySorted
3253,96.13,1.0000,Quick,NearlySorted
1969,91.97,1.0000,Quick,NearlySorted
825,81.07,1.0000,Insertion,NearlySorted
2312,94.72,1.0000,Quick,NearlySorted
4359,99.27,1.0000,Merge,NearlySorted
4525,99.14,1.0000,Merge,NearlySorted
4560,98.07,1.0000,Merge,NearlySorted
3425,98.54,1.0000,Quick,NearlySorted
2935,94.17,1.0000,Quick,NearlySorted
3345,95.81,1.0000,Quick,NearlySorted
655,87.77,1.0000,Insertion,NearlySorted
901,91.67,1.0000,Insertion,NearlySorted
1691,94.56,1.0000,Quick,NearlySorted
223,0.00,1.0000,Insertion,Reversed
278,0.00,1.0000,Insertion,Reversed
500,0.00,1.0000,Merge,Reversed
493,0.00,1.0000,Merge,Reversed
230,0.00,1.0000,Quick,Reversed
140,0.00,1.0000,Insertion,Reversed
334,0.00,1.0000,Insertion,Reversed
499,0.00,1.0000,Merge,Reversed
80,0.00,1.0000,Insertion,Reversed
136,0.00,1.0000,Insertion,Reversed
375,0.00,1.0000,Insertion,Reversed
323,0.00,1.0000,Insertion,Reversed
240,0.00,1.0000,Insertion,Reversed
339,0.00,1.0000,Insertion,Reversed
25,0.00,1.0000,Insertion,Reversed
494,0.00,1.0000,Merge,Reversed
420,0.00,1.0000,Insertion,Reversed
324,0.00,1.0000,Insertion,Reversed
94,0.00,1.0000,Insertion,Reversed
317,0.00,1.0000,Insertion,Reversed
171,0.00,1.0000,Insertion,Reversed
62,0.00,1.0000,Insertion,Reversed
179,0.00,1.0000,Insertion,Reversed
204,0.00,1.0000,Insertion,Reversed
23,0.00,1.0000,Bubble,Reversed
483,0.00,1.0000,Merge,Reversed
115,0.00,1.0000,Insertion,Reversed
143,0.00,1.0000,Insertion,Reversed
366,0.00,1.0000,Insertion,Reversed
408,0.00,1.0000,Insertion,Reversed
114,0.00,1.0000,Insertion,Reversed
335,0.00,1.0000,Insertion,Reversed
148,0.00,1.0000,Insertion,Reversed
164,0.00,1.0000,Insertion,Reversed
486,0.00,1.0000,Merge,Reversed
242,0.00,1.0000,Insertion,Reversed
89,0.00,1.0000,Insertion,Reversed
256,0.00,1.0000,Insertion,Reversed
352,0.00,1.0000,Insertion,Reversed
212,0.00,1.0000,Insertion,Reversed
329,0.00,1.0000,Insertion,Reversed
212,0.00,1.0000,Insertion,Reversed
276,0.00,1.0000,Insertion,Reversed
59,0.00,1.0000,Insertion,Reversed
302,0.00,1.0000,Insertion,Reversed
91,0.00,1.0000,Insertion,Reversed
48,0.00,1.0000,Insertion,Reversed
53,0.00,1.0000,Insertion,Reversed
466,0.00,1.0000,Merge,Reversed
28,0.00,1.0000,Insertion,Reversed
368,0.00,1.0000,Insertion,Reversed
470,0.00,1.0000,Insertion,Reversed
298,0.00,1.0000,Insertion,Reversed
285,0.00,1.0000,Insertion,Reversed
89,0.00,1.0000,Insertion,Reversed
100,0.00,1.0000,Insertion,Reversed
172,0.00,1.0000,Insertion,Reversed
88,0.00,1.0000,Insertion,Reversed
388,0.00,1.0000,Insertion,Reversed
171,0.00,1.0000,Insertion,Reversed
90,0.00,1.0000,Insertion,Reversed
186,0.00,1.0000,Insertion,Reversed
229,0.00,1.0000,Insertion,Reversed
262,0.00,1.0000,Insertion,Reversed
256,0.00,1.0000,Insertion,Reversed
59,0.00,1.0000,Insertion,Reversed
283,0.00,1.0000,Insertion,Reversed
201,0.00,1.0000,Insertion,Reversed
239,0.00,1.0000,Insertion,Reversed
486,0.00,1.0000,Merge,Reversed
409,0.00,1.0000,Insertion,Reversed
292,0.00,1.0000,Insertion,Reversed
236,0.00,1.0000,Insertion,Reversed
444,0.00,1.0000,Insertion,Reversed
274,0.00,1.0000,Insertion,Reversed
397,0.00,1.0000,Insertion,Reversed
240,0.00,1.0000,Insertion,Reversed
44,0.00,1.0000,Insertion,Reversed
44,0.00,1.0000,Insertion,Reversed
466,0.00,1.0000,Merge,Reversed
62,0.00,1.0000,Insertion,Reversed
341,0.00,1.0000,Insertion,Reversed
359,0.00,1.0000,Insertion,Reversed
19,0.00,1.0000,Insertion,Reversed
441,0.00,1.0000,Insertion,Reversed
295,0.00,1.0000,Insertion,Reversed
51,0.00,1.0000,Insertion,Reversed
164,0.00,1.0000,Insertion,Reversed
288,0.00,1.0000,Insertion,Reversed
472,0.00,1.0000,Merge,Reversed
380,0.00,1.0000,Insertion,Reversed
261,0.00,1.0000,Insertion,Reversed
311,0.00,1.0000,Insertion,Reversed
412,0.00,1.0000,Insertion,Reversed
233,0.00,1.0000,Insertion,Reversed
51,0.00,1.0000,Insertion,Reversed
44,0.00,1.0000,Insertion,Reversed
483,0.00,1.0000,Merge,Reversed
92,0.00,1.0000,Insertion,Reversed
416,0.00,1.0000,Insertion,Reversed
10,0.00,1.0000,Bubble,Reversed
470,0.00,1.0000,Merge,Reversed
107,0.00,1.0000,Insertion,Reversed
210,0.00,1.0000,Insertion,Reversed
77,0.00,1.0000,Insertion,Reversed
476,0.00,1.0000,Merge,Reversed
180,0.00,1.0000,Insertion,Reversed
199,0.00,1.0000,Insertion,Reversed
382,0.00,1.0000,Merge,Reversed
259,0.00,1.0000,Insertion,Reversed
241,0.00,1.0000,Insertion,Reversed
49,0.00,1.0000,Insertion,Reversed
450,0.00,1.0000,Merge,Reversed
30,0.00,1.0000,Insertion,Reversed
189,0.00,1.0000,Insertion,Reversed
159,0.00,1.0000,Insertion,Reversed
378,0.00,1.0000,Insertion,Reversed
204,0.00,1.0000,Insertion,Reversed
447,0.00,1.0000,Insertion,Reversed
495,0.00,1.0000,Merge,Reversed
405,0.00,1.0000,Insertion,Reversed
16,0.00,1.0000,Bubble,Reversed
45,0.00,1.0000,Insertion,Reversed
308,0.00,1.0000,Insertion,Reversed
442,0.00,1.0000,Insertion,Reversed
202,0.00,1.0000,Insertion,Reversed
189,0.00,1.0000,Insertion,Reversed
279,0.00,1.0000,Insertion,Reversed
453,0.00,1.0000,Insertion,Reversed
454,0.00,1.0000,Merge,Reversed
71,0.00,1.0000,Insertion,Reversed
451,0.00,1.0000,Insertion,Reversed
456,0.00,1.0000,Merge,Reversed
479,0.00,1.0000,Merge,Reversed
135,0.00,1.0000,Insertion,Reversed
419,0.00,1.0000,Insertion,Reversed
232,0.00,1.0000,Insertion,Reversed
29,0.00,1.0000,Insertion,Reversed
39,0.00,1.0000,Insertion,Reversed
366,0.00,1.0000,Insertion,Reversed
383,0.00,1.0000,Insertion,Reversed
362,0.00,1.0000,Insertion,Reversed
104,0.00,1.0000,Insertion,Reversed
336,0.00,1.0000,Insertion,Reversed
192,0.00,1.0000,Insertion,Reversed
487,0.00,1.0000,Merge,Reversed
370,0.00,1.0000,Insertion,Reversed
17,0.00,1.0000,Bubble,Reversed
433,0.00,1.0000,Insertion,Reversed
30,0.00,1.0000,Insertion,Reversed
400,0.00,1.0000,Insertion,Reversed
59,0.00,1.0000,Insertion,Reversed
160,0.00,1.0000,Insertion,Reversed
376,0.00,1.0000,Insertion,Reversed
176,0.00,1.0000,Insertion,Reversed
454,0.00,1.0000,Insertion,Reversed
150,0.00,1.0000,Insertion,Reversed
50,0.00,1.0000,Insertion,Reversed
397,0.00,1.0000,Insertion,Reversed
250,0.00,1.0000,Insertion,Reversed
278,0.00,1.0000,Insertion,Reversed
306,0.00,1.0000,Insertion,Reversed
211,0.00,1.0000,Insertion,Reversed
142,0.00,1.0000,Insertion,Reversed
317,0.00,1.0000,Insertion,Reversed
327,0.00,1.0000,Insertion,Reversed
228,0.00,1.0000,Insertion,Reversed
230,0.00,1.0000,Insertion,Reversed
1061,0.00,1.0000,Merge,Reversed
1353,0.00,1.0000,Merge,Reversed
1298,0.00,1.0000,Merge,Reversed
1229,0.00,1.0000,Merge,Reversed
1890,0.00,1.0000,Merge,Reversed
1861,0.00,1.0000,Merge,Reversed
941,0.00,1.0000,Merge,Reversed
1561,0.00,1.0000,Merge,Reversed
653,0.00,1.0000,Merge,Reversed
1060,0.00,1.0000,Merge,Reversed
114,0.00,1.0000,Insertion,Reversed
963,0.00,1.0000,Merge,Reversed
1449,0.00,1.0000,Merge,Reversed
1352,0.00,1.0000,Merge,Reversed
460,0.00,1.0000,Merge,Reversed
103,0.00,1.0000,Insertion,Reversed
536,0.00,1.0000,Merge,Reversed
1086,0.00,1.0000,Merge,Reversed
1319,0.00,1.0000,Merge,Reversed
1074,0.00,1.0000,Merge,Reversed
1694,0.00,1.0000,Merge,Reversed
1934,0.00,1.0000,Merge,Reversed
988,0.00,1.0000,Merge,Reversed
1108,0.00,1.0000,Merge,Reversed
459,0.00,1.0000,Insertion,Reversed
1149,0.00,1.0000,Merge,Reversed
1801,0.00,1.0000,Merge,Reversed
1024,0.00,1.0000,Merge,Reversed
1126,0.00,1.0000,Merge,Reversed
944,0.00,1.0000,Merge,Reversed
1776,0.00,1.0000,Merge,Reversed
435,0.00,1.0000,Insertion,Reversed
279,0.00,1.0000,Insertion,Reversed
1592,0.00,1.0000,Merge,Reversed
895,0.00,1.0000,Merge,Reversed
930,0.00,1.0000,Merge,Reversed
291,0.00,1.0000,Insertion,Reversed
276,0.00,1.0000,Insertion,Reversed
720,0.00,1.0000,Merge,Reversed
452,0.00,1.0000,Insertion,Reversed
1899,0.00,1.0000,Merge,Reversed
941,0.00,1.0000,Merge,Reversed
1075,0.00,1.0000,Merge,Reversed
393,0.00,1.0000,Insertion,Reversed
445,0.00,1.0000,Merge,Reversed
131,0.00,1.0000,Insertion,Reversed
820,0.00,1.0000,Merge,Reversed
1992,0.00,1.0000,Merge,Reversed
1249,0.00,1.0000,Merge,Reversed
603,0.00,1.0000,Merge,Reversed
1229,0.00,1.0000,Merge,Reversed
1146,0.00,1.0000,Merge,Reversed
1041,0.00,1.0000,Merge,Reversed
1662,0.00,1.0000,Merge,Reversed
618,0.00,1.0000,Merge,Reversed
949,0.00,1.0000,Merge,Reversed
1757,0.00,1.0000,Merge,Reversed
821,0.00,1.0000,Merge,Reversed
1750,0.00,1.0000,Merge,Reversed
503,0.00,1.0000,Insertion,Reversed
1565,0.00,1.0000,Merge,Reversed
1689,0.00,1.0000,Merge,Reversed
545,0.00,1.0000,Merge,Reversed
1223,0.00,1.0000,Merge,Reversed
1847,0.00,1.0000,Merge,Reversed
552,0.00,1.0000,Merge,Reversed
923,0.00,1.0000,Merge,Reversed
432,0.00,1.0000,Merge,Reversed
621,0.00,1.0000,Merge,Reversed
703,0.00,1.0000,Merge,Reversed
1536,0.00,1.0000,Merge,Reversed
1779,0.00,1.0000,Merge,Reversed
807,0.00,1.0000,Merge,Reversed
138,0.00,1.0000,Insertion,Reversed
1994,0.00,1.0000,Merge,Reversed
898,0.00,1.0000,Merge,Reversed
1182,0.00,1.0000,Merge,Reversed
186,0.00,1.0000,Insertion,Reversed
1471,0.00,1.0000,Merge,Reversed
885,0.00,1.0000,Merge,Reversed
759,0.00,1.0000,Merge,Reversed
539,0.00,1.0000,Merge,Reversed
883,0.00,1.0000,Merge,Reversed
301,0.00,1.0000,Insertion,Reversed
1936,0.00,1.0000,Merge,Reversed
1409,0.00,1.0000,Merge,Reversed
1162,0.00,1.0000,Merge,Reversed
209,0.00,1.0000,Insertion,Reversed
382,0.00,1.0000,Insertion,Reversed
567,0.00,1.0000,Merge,Reversed
1134,0.00,1.0000,Merge,Reversed
355,0.00,1.0000,Insertion,Reversed
1030,0.00,1.0000,Merge,Reversed
1981,0.00,1.0000,Merge,Reversed
1899,0.00,1.0000,Merge,Reversed
1943,0.00,1.0000,Merge,Reversed
1597,0.00,1.0000,Merge,Reversed
572,0.00,1.0000,Merge,Reversed
918,0.00,1.0000,Merge,Reversed
547,0.00,1.0000,Merge,Reversed
1281,0.00,1.0000,Merge,Reversed
1730,0.00,1.0000,Merge,Reversed
1449,0.00,1.0000,Merge,Reversed
1878,0.00,1.0000,Merge,Reversed
799,0.00,1.0000,Merge,Reversed
813,0.00,1.0000,Merge,Reversed
558,0.00,1.0000,Merge,Reversed
1128,0.00,1.0000,Merge,Reversed
1196,0.00,1.0000,Merge,Reversed
588,0.00,1.0000,Merge,Reversed
1148,0.00,1.0000,Merge,Reversed
1582,0.00,1.0000,Merge,Reversed
1427,0.00,1.0000,Merge,Reversed
498,0.00,1.0000,Merge,Reversed
113,0.00,1.0000,Insertion,Reversed
437,0.00,1.0000,Insertion,Reversed
1937,0.00,1.0000,Merge,Reversed
1048,0.00,1.0000,Merge,Reversed
295,0.00,1.0000,Insertion,Reversed
335,0.00,1.0000,Insertion,Reversed
545,0.00,1.0000,Merge,Reversed
291,0.00,1.0000,Insertion,Reversed
1062,0.00,1.0000,Merge,Reversed
1105,0.00,1.0000,Merge,Reversed
903,0.00,1.0000,Merge,Reversed
834,0.00,1.0000,Merge,Reversed
1487,0.00,1.0000,Merge,Reversed
503,0.00,1.0000,Insertion,Reversed
1559,0.00,1.0000,Merge,Reversed
837,0.00,1.0000,Merge,Reversed
1060,0.00,1.0000,Merge,Reversed
1105,0.00,1.0000,Merge,Reversed
1409,0.00,1.0000,Merge,Reversed
1233,0.00,1.0000,Merge,Reversed
1312,0.00,1.0000,Merge,Reversed
225,0.00,1.0000,Insertion,Reversed
502,0.00,1.0000,Merge,Reversed
1313,0.00,1.0000,Merge,Reversed
890,0.00,1.0000,Merge,Reversed
133,0.00,1.0000,Insertion,Reversed
325,0.00,1.0000,Insertion,Reversed
1512,0.00,1.0000,Merge,Reversed
749,0.00,1.0000,Merge,Reversed
809,0.00,1.0000,Merge,Reversed
412,0.00,1.0000,Insertion,Reversed
1678,0.00,1.0000,Merge,Reversed
1738,0.00,1.0000,Merge,Reversed
970,0.00,1.0000,Merge,Reversed
266,0.00,1.0000,Insertion,Reversed
230,0.00,1.0000,Insertion,Reversed
835,0.00,1.0000,Merge,Reversed
1382,0.00,1.0000,Merge,Reversed
1741,0.00,1.0000,Merge,Reversed
107,0.00,1.0000,Insertion,Reversed
1683,0.00,1.0000,Merge,Reversed
1564,0.00,1.0000,Merge,Reversed
1871,0.00,1.0000,Merge,Reversed
1902,0.00,1.0000,Merge,Reversed
1746,0.00,1.0000,Merge,Reversed
1568,0.00,1.0000,Merge,Reversed
1459,0.00,1.0000,Merge,Reversed
1640,0.00,1.0000,Merge,Reversed
1785,0.00,1.0000,Merge,Reversed
1617,0.00,1.0000,Merge,Reversed
1809,0.00,1.0000,Merge,Reversed
3194,0.00,1.0000,Merge,Reversed
647,0.00,1.0000,Merge,Reversed
3079,0.00,1.0000,Merge,Reversed
1949,0.00,1.0000,Merge,Reversed
1644,0.00,1.0000,Merge,Reversed
1252,0.00,1.0000,Merge,Reversed
2647,0.00,1.0000,Merge,Reversed
3054,0.00,1.0000,Merge,Reversed
1107,0.00,1.0000,Merge,Reversed
1698,0.00,1.0000,Merge,Reversed
4843,0.00,1.0000,Merge,Reversed
555,0.00,1.0000,Merge,Reversed
3670,0.00,1.0000,Merge,Reversed
4676,0.00,1.0000,Merge,Reversed
983,0.00,1.0000,Merge,Reversed
1723,0.00,1.0000,Merge,Reversed
2368,0.00,1.0000,Merge,Reversed
4139,0.00,1.0000,Merge,Reversed
1126,0.00,1.0000,Merge,Reversed
3919,0.00,1.0000,Merge,Reversed
4929,0.00,1.0000,Merge,Reversed
3912,0.00,1.0000,Merge,Reversed
1388,0.00,1.0000,Merge,Reversed
795,0.00,1.0000,Merge,Reversed
1167,0.00,1.0000,Merge,Reversed
4163,0.00,1.0000,Merge,Reversed
4994,0.00,1.0000,Merge,Reversed
1942,0.00,1.0000,Merge,Reversed
653,0.00,1.0000,Merge,Reversed
2436,0.00,1.0000,Merge,Reversed
2524,0.00,1.0000,Merge,Reversed
1732,0.00,1.0000,Merge,Reversed
4699,0.00,1.0000,Merge,Reversed
1826,0.00,1.0000,Merge,Reversed
2905,0.00,1.0000,Merge,Reversed
970,0.00,1.0000,Merge,Reversed
811,0.00,1.0000,Merge,Reversed
2183,0.00,1.0000,Merge,Reversed
1305,0.00,1.0000,Merge,Reversed
702,0.00,1.0000,Merge,Reversed
3182,0.00,1.0000,Merge,Reversed
1564,0.00,1.0000,Merge,Reversed
4295,0.00,1.0000,Merge,Reversed
2732,0.00,1.0000,Merge,Reversed
3534,0.00,1.0000,Merge,Reversed
570,0.00,1.0000,Merge,Reversed
2942,0.00,1.0000,Merge,Reversed
4825,0.00,1.0000,Merge,Reversed
2170,0.00,1.0000,Merge,Reversed
1802,0.00,1.0000,Merge,Reversed
640,0.00,1.0000,Merge,Reversed
4998,0.00,1.0000,Merge,Reversed
922,0.00,1.0000,Merge,Reversed
2200,0.00,1.0000,Merge,Reversed
2132,0.00,1.0000,Merge,Reversed
3594,0.00,1.0000,Merge,Reversed
583,0.00,1.0000,Merge,Reversed
1003,0.00,1.0000,Merge,Reversed
4709,0.00,1.0000,Merge,Reversed
1414,0.00,1.0000,Merge,Reversed
831,0.00,1.0000,Merge,Reversed
977,0.00,1.0000,Merge,Reversed
1329,0.00,1.0000,Merge,Reversed
3434,0.00,1.0000,Merge,Reversed
2856,0.00,1.0000,Merge,Reversed
3993,0.00,1.0000,Merge,Reversed
2207,0.00,1.0000,Merge,Reversed
2909,0.00,1.0000,Merge,Reversed
4419,0.00,1.0000,Merge,Reversed
3375,0.00,1.0000,Merge,Reversed
3470,0.00,1.0000,Merge,Reversed
2710,0.00,1.0000,Merge,Reversed
1240,0.00,1.0000,Merge,Reversed
2477,0.00,1.0000,Merge,Reversed
2408,0.00,1.0000,Merge,Reversed
2326,0.00,1.0000,Merge,Reversed
1706,0.00,1.0000,Merge,Reversed
2297,0.00,1.0000,Merge,Reversed
4758,0.00,1.0000,Merge,Reversed
1314,0.00,1.0000,Merge,Reversed
4977,0.00,1.0000,Merge,Reversed
3575,0.00,1.0000,Merge,Reversed
4610,0.00,1.0000,Merge,Reversed
1643,0.00,1.0000,Merge,Reversed
2347,0.00,1.0000,Merge,Reversed
3847,0.00,1.0000,Merge,Reversed
1278,0.00,1.0000,Merge,Reversed
3821,0.00,1.0000,Merge,Reversed
3653,0.00,1.0000,Merge,Reversed
1751,0.00,1.0000,Merge,Reversed
896,0.00,1.0000,Merge,Reversed
2900,0.00,1.0000,Merge,Reversed
4079,0.00,1.0000,Merge,Reversed
3057,0.00,1.0000,Merge,Reversed
1258,0.00,1.0000,Merge,Reversed
3187,0.00,1.0000,Merge,Reversed
1513,0.00,1.0000,Merge,Reversed
2983,0.00,1.0000,Merge,Reversed
4907,0.00,1.0000,Merge,Reversed
1352,0.00,1.0000,Merge,Reversed
533,0.00,1.0000,Merge,Reversed
3377,0.00,1.0000,Merge,Reversed
1590,0.00,1.0000,Merge,Reversed
2972,0.00,1.0000,Merge,Reversed
4538,0.00,1.0000,Merge,Reversed
604,0.00,1.0000,Merge,Reversed
3973,0.00,1.0000,Merge,Reversed
508,0.00,1.0000,Merge,Reversed
606,0.00,1.0000,Merge,Reversed
601,0.00,1.0000,Merge,Reversed
4430,0.00,1.0000,Merge,Reversed
1417,0.00,1.0000,Merge,Reversed
2831,0.00,1.0000,Merge,Reversed
3783,0.00,1.0000,Merge,Reversed
1966,0.00,1.0000,Merge,Reversed
4835,0.00,1.0000,Merge,Reversed
1405,0.00,1.0000,Merge,Reversed
2538,0.00,1.0000,Merge,Reversed
2097,0.00,1.0000,Merge,Reversed
4215,0.00,1.0000,Merge,Reversed
3742,0.00,1.0000,Merge,Reversed
1263,0.00,1.0000,Merge,Reversed
2172,0.00,1.0000,Merge,Reversed
1588,0.00,1.0000,Merge,Reversed
1838,0.00,1.0000,Merge,Reversed
4847,0.00,1.0000,Merge,Reversed
2584,0.00,1.0000,Merge,Reversed
4129,0.00,1.0000,Merge,Reversed
2777,0.00,1.0000,Merge,Reversed
1818,0.00,1.0000,Merge,Reversed
4084,0.00,1.0000,Merge,Reversed
3606,0.00,1.0000,Merge,Reversed
1553,0.00,1.0000,Merge,Reversed
4739,0.00,1.0000,Merge,Reversed
2910,0.00,1.0000,Merge,Reversed
2142,0.00,1.0000,Merge,Reversed
4359,0.00,1.0000,Merge,Reversed
911,0.00,1.0000,Merge,Reversed
4001,0.00,1.0000,Merge,Reversed
4433,0.00,1.0000,Merge,Reversed
604,0.00,1.0000,Merge,Reversed
2228,0.00,1.0000,Merge,Reversed
4738,0.00,1.0000,Merge,Reversed
3901,0.00,1.0000,Merge,Reversed
1170,0.00,1.0000,Merge,Reversed
3401,0.00,1.0000,Merge,Reversed
3339,0.00,1.0000,Merge,Reversed
3590,0.00,1.0000,Merge,Reversed
2403,0.00,1.0000,Merge,Reversed
1415,0.00,1.0000,Merge,Reversed
869,0.00,1.0000,Merge,Reversed
4240,0.00,1.0000,Merge,Reversed
4934,0.00,1.0000,Merge,Reversed
3312,0.00,1.0000,Merge,Reversed
2130,0.00,1.0000,Merge,Reversed
4136,0.00,1.0000,Merge,Reversed
959,0.00,1.0000,Merge,Reversed
1107,0.00,1.0000,Merge,Reversed
3124,0.00,1.0000,Merge,Reversed
1978,0.00,1.0000,Merge,Reversed
3414,0.00,1.0000,Merge,Reversed
3719,0.00,1.0000,Merge,Reversed
2268,0.00,1.0000,Merge,Reversed
4985,0.00,1.0000,Merge,Reversed
3807,0.00,1.0000,Merge,Reversed
4781,0.00,1.0000,Merge,Reversed
1300,0.00,1.0000,Merge,Reversed
273,62.13,0.0147,Insertion,FewUnique
306,51.15,0.0359,Quick,FewUnique
197,54.59,0.0406,Insertion,FewUnique
409,57.35,0.0220,Quick,FewUnique
169,58.93,0.0296,Insertion,FewUnique
96,58.95,0.0729,Insertion,FewUnique
39,57.89,0.1538,Insertion,FewUnique
55,61.11,0.0727,Insertion,FewUnique
143,61.97,0.0280,Insertion,FewUnique
300,60.20,0.0200,Quick,FewUnique
448,61.07,0.0134,Quick,FewUnique
496,56.77,0.0141,Quick,FewUnique
424,66.43,0.0071,Insertion,FewUnique
394,55.22,0.0228,Quick,FewUnique
151,56.67,0.0265,Insertion,FewUnique
32,77.42,0.0625,Bubble,FewUnique
302,57.14,0.0265,Quick,FewUnique
276,57.09,0.0217,Quick,FewUnique
347,55.78,0.0346,Quick,FewUnique
461,55.43,0.0195,Quick,FewUnique
451,58.00,0.0111,Quick,FewUnique
345,51.74,0.0348,Quick,FewUnique
115,59.65,0.0783,Insertion,FewUnique
124,78.86,0.0161,Insertion,FewUnique
290,56.06,0.0310,Quick,FewUnique
115,52.63,0.0783,Insertion,FewUnique
305,74.34,0.0066,Insertion,FewUnique
455,75.11,0.0044,Insertion,FewUnique
387,60.10,0.0129,Quick,FewUnique
152,55.63,0.0592,Insertion,FewUnique
406,55.80,0.0222,Quick,FewUnique
415,57.25,0.0217,Quick,FewUnique
239,57.14,0.0418,Quick,FewUnique
486,55.26,0.0165,Quick,FewUnique
45,70.45,0.0667,Insertion,FewUnique
129,57.03,0.0853,Insertion,FewUnique
22,42.86,0.4091,Bubble,FewUnique
182,59.12,0.0385,Insertion,FewUnique
174,61.85,0.0287,Insertion,FewUnique
282,68.68,0.0106,Insertion,FewUnique
385,57.03,0.0182,Quick,FewUnique
30,79.31,0.0667,Insertion,FewUnique
102,60.40,0.0392,Insertion,FewUnique
76,60.00,0.0789,Insertion,FewUnique
310,54.69,0.0226,Quick,FewUnique
233,56.47,0.0300,Insertion,FewUnique
398,54.91,0.0226,Quick,FewUnique
452,56.98,0.0155,Quick,FewUnique
204,67.98,0.0147,Insertion,FewUnique
493,73.98,0.0041,Insertion,FewUnique
377,53.99,0.0265,Quick,FewUnique
48,57.45,0.1458,Insertion,FewUnique
70,56.52,0.1429,Insertion,FewUnique
357,55.90,0.0252,Quick,FewUnique
420,59.90,0.0143,Quick,FewUnique
268,57.30,0.0261,Quick,FewUnique
62,52.46,0.1613,Insertion,FewUnique
81,58.75,0.0617,Insertion,FewUnique
34,63.64,0.1765,Insertion,FewUnique
499,56.83,0.0140,Quick,FewUnique
133,56.06,0.0526,Insertion,FewUnique
112,49.55,0.1071,Quick,FewUnique
389,68.04,0.0077,Insertion,FewUnique
215,68.22,0.0140,Insertion,FewUnique
310,54.69,0.0355,Quick,FewUnique
248,58.30,0.0403,Quick,FewUnique
110,58.72,0.0727,Insertion,FewUnique
291,66.21,0.0137,Insertion,FewUnique
335,56.59,0.0179,Quick,FewUnique
48,59.57,0.1250,Insertion,FewUnique
422,59.38,0.0095,Insertion,FewUnique
248,59.11,0.0242,Insertion,FewUnique
69,63.24,0.0580,Insertion,FewUnique
12,54.55,0.5833,Bubble,FewUnique
58,61.40,0.1207,Insertion,FewUnique
288,54.70,0.0382,Quick,FewUnique
417,68.03,0.0072,Insertion,FewUnique
155,62.99,0.0194,Insertion,FewUnique
52,54.90,0.0962,Insertion,FewUnique
195,55.15,0.0359,Insertion,FewUnique
359,58.66,0.0167,Quick,FewUnique
372,60.38,0.0134,Quick,FewUnique
341,55.00,0.0293,Quick,FewUnique
302,73.75,0.0066,Insertion,FewUnique
148,57.82,0.0608,Insertion,FewUnique
164,61.35,0.0427,Insertion,FewUnique
477,55.46,0.0231,Quick,FewUnique
293,60.96,0.0137,Quick,FewUnique
35,82.35,0.0571,Insertion,FewUnique
255,55.51,0.0431,Quick,FewUnique
140,62.59,0.0286,Insertion,FewUnique
100,63.64,0.0400,Insertion,FewUnique
232,56.71,0.0388,Insertion,FewUnique
222,58.82,0.0270,Insertion,FewUnique
77,52.63,0.1299,Insertion,FewUnique
144,55.24,0.0694,Insertion,FewUnique
210,59.33,0.0286,Insertion,FewUnique
459,53.49,0.0218,Quick,FewUnique
449,74.11,0.0045,Insertion,FewUnique
381,55.79,0.0210,Quick,FewUnique
154,56.21,0.0714,Insertion,FewUnique
500,55.31,0.0120,Quick,FewUnique
319,53.77,0.0376,Quick,FewUnique
287,52.80,0.0418,Quick,FewUnique
470,57.57,0.0191,Quick,FewUnique
190,49.21,0.0632,Quick,FewUnique
264,56.65,0.0379,Quick,FewUnique
435,73.27,0.0046,Insertion,FewUnique
190,55.56,0.0526,Insertion,FewUnique
339,53.25,0.0324,Quick,FewUnique
169,57.14,0.0296,Insertion,FewUnique
152,52.32,0.0592,Insertion,FewUnique
479,54.81,0.0230,Quick,FewUnique
229,56.14,0.0349,Quick,FewUnique
168,55.69,0.0417,Insertion,FewUnique
491,58.57,0.0122,Quick,FewUnique
330,53.19,0.0333,Quick,FewUnique
420,57.52,0.0190,Quick,FewUnique
167,59.64,0.0359,Insertion,FewUnique
369,66.58,0.0081,Insertion,FewUnique
91,55.56,0.1209,Insertion,FewUnique
289,65.97,0.0104,Insertion,FewUnique
60,57.63,0.0833,Insertion,FewUnique
487,61.93,0.0103,Insertion,FewUnique
41,57.50,0.2195,Insertion,FewUnique
105,59.62,0.0857,Insertion,FewUnique
88,57.47,0.0795,Insertion,FewUnique
358,54.34,0.0307,Quick,FewUnique
319,58.18,0.0157,Insertion,FewUnique
392,56.52,0.0230,Quick,FewUnique
27,53.85,0.2593,Insertion,FewUnique
27,50.00,0.3704,Insertion,FewUnique
345,59.59,0.0145,Quick,FewUnique
267,59.02,0.0225,Insertion,FewUnique
379,66.14,0.0079,Insertion,FewUnique
420,60.86,0.0119,Insertion,FewUnique
498,56.94,0.0221,Quick,FewUnique
308,53.75,0.0357,Quick,FewUnique
224,55.16,0.0491,Quick,FewUnique
358,55.46,0.0223,Quick,FewUnique
339,58.28,0.0177,Quick,FewUnique
134,58.65,0.0746,Insertion,FewUnique
272,56.46,0.0331,Quick,FewUnique
280,62.37,0.0179,Insertion,FewUnique
151,68.67,0.0199,Insertion,FewUnique
452,58.54,0.0133,Quick,FewUnique
455,54.41,0.0264,Quick,FewUnique
176,55.43,0.0568,Quick,FewUnique
228,63.88,0.0175,Insertion,FewUnique
497,59.68,0.0101,Quick,FewUnique
42,60.98,0.0952,Insertion,FewUnique
116,51.30,0.0862,Insertion,FewUnique
473,55.93,0.0148,Quick,FewUnique
57,57.14,0.1930,Insertion,FewUnique
139,68.12,0.0216,Insertion,FewUnique
148,54.42,0.0743,Insertion,FewUnique
64,58.73,0.1562,Insertion,FewUnique
375,67.11,0.0080,Insertion,FewUnique
169,57.74,0.0592,Insertion,FewUnique
231,56.96,0.0390,Insertion,FewUnique
333,66.57,0.0090,Insertion,FewUnique
37,52.78,0.2432,Insertion,FewUnique
125,54.03,0.0880,Insertion,FewUnique
267,60.90,0.0225,Quick,FewUnique
382,55.64,0.0183,Quick,FewUnique
328,74.62,0.0061,Insertion,FewUnique
1149,51.22,0.0426,Quick,FewUnique
1705,55.81,0.0047,Quick,FewUnique
1260,51.47,0.0198,Quick,FewUnique
968,54.91,0.0103,Quick,FewUnique
616,62.28,0.0065,Insertion,FewUnique
653,51.53,0.0490,Quick,FewUnique
1521,52.30,0.0329,Quick,FewUnique
1111,64.14,0.0027,Quick,FewUnique
1098,49.77,0.0383,Quick,FewUnique
151,50.67,0.2715,Insertion,FewUnique
1405,53.21,0.0142,Quick,FewUnique
1428,54.87,0.0084,Quick,FewUnique
1333,53.75,0.0173,Quick,FewUnique
1806,50.86,0.0183,Quick,FewUnique
1369,51.39,0.0183,Quick,FewUnique
270,52.04,0.1037,Quick,FewUnique
1558,52.22,0.0218,Quick,FewUnique
1854,52.83,0.0124,Quick,FewUnique
944,50.58,0.0371,Quick,FewUnique
1417,50.71,0.0318,Quick,FewUnique
609,51.32,0.0640,Quick,FewUnique
1502,52.10,0.0133,Quick,FewUnique
1879,51.22,0.0154,Quick,FewUnique
133,53.03,0.2932,Insertion,FewUnique
551,74.00,0.0036,Insertion,FewUnique
789,54.06,0.0241,Quick,FewUnique
1511,51.46,0.0311,Quick,FewUnique
531,52.83,0.0508,Quick,FewUnique
1564,50.99,0.0256,Quick,FewUnique
801,57.50,0.0087,Quick,FewUnique
1710,51.02,0.0152,Quick,FewUnique
1341,51.87,0.0321,Quick,FewUnique
886,56.27,0.0090,Quick,FewUnique
1822,51.07,0.0214,Quick,FewUnique
1944,51.78,0.0123,Quick,FewUnique
1211,50.91,0.0264,Quick,FewUnique
1567,57.79,0.0038,Quick,FewUnique
864,51.33,0.0255,Quick,FewUnique
1448,50.52,0.0283,Quick,FewUnique
1801,51.00,0.0267,Quick,FewUnique
1331,52.03,0.0361,Quick,FewUnique
1712,55.23,0.0064,Quick,FewUnique
1555,51.35,0.0283,Quick,FewUnique
1814,50.80,0.0232,Quick,FewUnique
1554,50.48,0.0225,Quick,FewUnique
202,53.73,0.2376,Insertion,FewUnique
1474,50.92,0.0258,Quick,FewUnique
541,53.15,0.0518,Quick,FewUnique
256,55.69,0.0547,Quick,FewUnique
1727,54.35,0.0081,Quick,FewUnique
1724,50.49,0.0244,Quick,FewUnique
1382,53.87,0.0109,Quick,FewUnique
733,52.05,0.0587,Quick,FewUnique
1582,51.80,0.0152,Quick,FewUnique
1598,50.28,0.0307,Quick,FewUnique
1577,55.08,0.0051,Quick,FewUnique
1869,51.87,0.0203,Quick,FewUnique
1316,50.95,0.0342,Quick,FewUnique
118,61.54,0.0508,Insertion,FewUnique
1344,50.56,0.0357,Quick,FewUnique
1667,52.94,0.0114,Quick,FewUnique
1519,52.64,0.0217,Quick,FewUnique
869,51.27,0.0265,Quick,FewUnique
792,52.21,0.0202,Quick,FewUnique
1966,54.35,0.0061,Quick,FewUnique
1397,58.52,0.0043,Quick,FewUnique
1093,51.47,0.0329,Quick,FewUnique
621,52.42,0.0564,Quick,FewUnique
883,51.47,0.0555,Quick,FewUnique
270,52.79,0.1296,Quick,FewUnique
1243,51.29,0.0378,Quick,FewUnique
1751,66.69,0.0017,Quick,FewUnique
599,50.67,0.0634,Quick,FewUnique
1001,51.40,0.0200,Quick,FewUnique
1155,58.58,0.0043,Quick,FewUnique
1459,52.19,0.0158,Quick,FewUnique
1177,53.23,0.0144,Quick,FewUnique
1843,51.41,0.0222,Quick,FewUnique
1504,52.03,0.0140,Quick,FewUnique
1964,53.39,0.0087,Quick,FewUnique
1969,51.78,0.0173,Quick,FewUnique
1241,50.16,0.0403,Quick,FewUnique
1259,51.91,0.0349,Quick,FewUnique
409,61.52,0.0098,Insertion,FewUnique
426,75.29,0.0047,Insertion,FewUnique
1189,52.02,0.0286,Quick,FewUnique
500,51.50,0.0600,Quick,FewUnique
339,52.96,0.0383,Quick,FewUnique
370,52.85,0.1027,Quick,FewUnique
752,50.07,0.0625,Quick,FewUnique
1799,51.67,0.0167,Quick,FewUnique
651,51.38,0.0768,Quick,FewUnique
493,55.28,0.0284,Quick,FewUnique
197,51.53,0.1523,Insertion,FewUnique
1504,50.50,0.0286,Quick,FewUnique
1629,53.07,0.0092,Quick,FewUnique
428,49.65,0.1168,Quick,FewUnique
452,51.44,0.0708,Quick,FewUnique
1861,53.17,0.0091,Quick,FewUnique
1436,52.26,0.0167,Quick,FewUnique
1051,50.95,0.0390,Quick,FewUnique
1211,52.56,0.0198,Quick,FewUnique
556,50.81,0.0881,Quick,FewUnique
1903,50.95,0.0147,Quick,FewUnique
602,52.91,0.0299,Quick,FewUnique
1104,75.43,0.0018,Merge,FewUnique
1656,50.57,0.0211,Quick,FewUnique
666,53.23,0.0315,Quick,FewUnique
223,57.66,0.0224,Insertion,FewUnique
548,50.09,0.0785,Quick,FewUnique
1243,53.22,0.0145,Quick,FewUnique
313,51.92,0.0735,Quick,FewUnique
1722,52.35,0.0279,Quick,FewUnique
752,51.53,0.0332,Quick,FewUnique
1529,54.06,0.0098,Quick,FewUnique
1657,51.63,0.0175,Quick,FewUnique
262,52.11,0.1641,Quick,FewUnique
1773,51.35,0.0192,Quick,FewUnique
361,52.50,0.0582,Quick,FewUnique
1932,52.56,0.0088,Quick,FewUnique
692,53.84,0.0145,Quick,FewUnique
342,57.77,0.0234,Quick,FewUnique
960,50.78,0.0281,Quick,FewUnique
906,51.05,0.0408,Quick,FewUnique
1887,60.02,0.0026,Quick,FewUnique
806,51.06,0.0236,Quick,FewUnique
1297,52.39,0.0162,Quick,FewUnique
1361,53.90,0.0096,Quick,FewUnique
1791,52.07,0.0207,Quick,FewUnique
734,51.16,0.0177,Quick,FewUnique
996,51.96,0.0261,Quick,FewUnique
1981,51.57,0.0172,Quick,FewUnique
646,56.90,0.0139,Quick,FewUnique
1115,54.13,0.0135,Quick,FewUnique
1374,54.99,0.0073,Quick,FewUnique
1036,51.69,0.0290,Quick,FewUnique
863,56.50,0.0093,Insertion,FewUnique
626,51.20,0.0559,Quick,FewUnique
278,51.62,0.1439,Quick,FewUnique
1598,54.98,0.0056,Quick,FewUnique
1954,62.42,0.0020,Quick,FewUnique
1126,56.27,0.0062,Quick,FewUnique
309,56.17,0.0485,Quick,FewUnique
515,50.97,0.0835,Quick,FewUnique
1397,51.93,0.0358,Merge,FewUnique
1106,56.29,0.0072,Quick,FewUnique
687,50.87,0.0349,Quick,FewUnique
335,49.40,0.0776,Quick,FewUnique
1887,51.06,0.0164,Quick,FewUnique
1596,52.04,0.0301,Quick,FewUnique
1754,52.42,0.0086,Quick,FewUnique
890,50.73,0.0483,Quick,FewUnique
1405,60.04,0.0043,Quick,FewUnique
1899,57.85,0.0037,Quick,FewUnique
1942,51.37,0.0211,Quick,FewUnique
395,51.52,0.0481,Quick,FewUnique
123,55.74,0.0894,Quick,FewUnique
1028,51.12,0.0409,Quick,FewUnique
1682,52.65,0.0155,Quick,FewUnique
795,56.55,0.0088,Quick,FewUnique
1397,51.36,0.0322,Quick,FewUnique
1763,53.23,0.0147,Quick,FewUnique
1653,50.73,0.0272,Quick,FewUnique
1858,51.70,0.0188,Quick,FewUnique
255,50.00,0.0706,Quick,FewUnique
1985,51.11,0.0207,Quick,FewUnique
1129,75.35,0.0018,Merge,FewUnique
2273,52.07,0.0158,Quick,FewUnique
1096,50.96,0.0474,Quick,FewUnique
2537,56.74,0.0032,Quick,FewUnique
1952,50.85,0.0236,Quick,FewUnique
1442,49.62,0.0680,Quick,FewUnique
4678,51.46,0.0090,Quick,FewUnique
2719,49.82,0.0243,Quick,FewUnique
2496,50.06,0.0208,Quick,FewUnique
4764,51.19,0.0080,Quick,FewUnique
2982,62.90,0.0013,Merge,FewUnique
1887,55.78,0.0053,Quick,FewUnique
3387,50.53,0.0106,Quick,FewUnique
612,50.41,0.1078,Quick,FewUnique
1296,52.59,0.0216,Quick,FewUnique
3370,50.46,0.0166,Quick,FewUnique
1801,52.22,0.0155,Quick,FewUnique
705,55.11,0.0170,Quick,FewUnique
1917,51.98,0.0449,Quick,FewUnique
2954,51.13,0.0305,Quick,FewUnique
607,52.15,0.0560,Quick,FewUnique
3407,50.41,0.0153,Quick,FewUnique
4393,52.55,0.0036,Quick,FewUnique
978,50.77,0.0225,Quick,FewUnique
1542,51.14,0.0441,Quick,FewUnique
624,51.85,0.0288,Quick,FewUnique
1604,49.91,0.0411,Quick,FewUnique
1604,52.03,0.0187,Quick,FewUnique
2384,50.90,0.0361,Quick,FewUnique
1020,52.11,0.0431,Quick,FewUnique
2879,50.69,0.0188,Quick,FewUnique
1245,52.09,0.0305,Quick,FewUnique
4120,50.89,0.0238,Quick,FewUnique
872,51.21,0.0894,Quick,FewUnique
539,50.56,0.1521,Quick,FewUnique
3316,51.55,0.0072,Quick,FewUnique
600,49.58,0.0900,Quick,FewUnique
3849,51.22,0.0145,Quick,FewUnique
808,51.80,0.0965,Quick,FewUnique
3875,51.60,0.0083,Quick,FewUnique
2146,51.70,0.0158,Quick,FewUnique
2497,51.44,0.0088,Quick,FewUnique
3992,50.79,0.0120,Quick,FewUnique
771,49.87,0.1245,Quick,FewUnique
1086,50.05,0.0866,Quick,FewUnique
1875,51.28,0.0341,Quick,FewUnique
4434,52.85,0.0036,Quick,FewUnique
1018,51.52,0.0177,Quick,FewUnique
3208,57.66,0.0019,Quick,FewUnique
1642,51.43,0.0524,Quick,FewUnique
1640,50.70,0.0610,Quick,FewUnique
3394,50.60,0.0118,Quick,FewUnique
2510,50.38,0.0375,Quick,FewUnique
2368,51.08,0.0203,Quick,FewUnique
3501,62.91,0.0011,Merge,FewUnique
4166,50.59,0.0192,Quick,FewUnique
1863,50.21,0.0247,Quick,FewUnique
4512,50.81,0.0182,Quick,FewUnique
4157,50.70,0.0144,Quick,FewUnique
4995,52.38,0.0056,Quick,FewUnique
1178,51.40,0.0306,Quick,FewUnique
2222,50.56,0.0387,Quick,FewUnique
3767,51.30,0.0138,Quick,FewUnique
4040,50.93,0.0183,Quick,FewUnique
836,51.14,0.1100,Quick,FewUnique
1967,50.92,0.0193,Quick,FewUnique
2868,51.24,0.0223,Quick,FewUnique
1513,50.93,0.0344,Quick,FewUnique
1905,52.89,0.0105,Quick,FewUnique
1456,51.96,0.0261,Quick,FewUnique
772,49.68,0.0907,Quick,FewUnique
2368,51.08,0.0236,Quick,FewUnique
2800,52.70,0.0100,Quick,FewUnique
1656,53.90,0.0085,Quick,FewUnique
2821,51.70,0.0121,Quick,FewUnique
2228,50.61,0.0171,Quick,FewUnique
4454,58.30,0.0013,Merge,FewUnique
2812,50.69,0.0107,Quick,FewUnique
2738,52.28,0.0088,Quick,FewUnique
1212,51.69,0.0759,Quick,FewUnique
936,49.95,0.0791,Quick,FewUnique
2519,50.44,0.0270,Quick,FewUnique
3886,52.74,0.0046,Quick,FewUnique
1746,52.32,0.0206,Quick,FewUnique
1311,63.82,0.0031,Quick,FewUnique
3135,51.47,0.0121,Quick,FewUnique
810,51.42,0.0667,Quick,FewUnique
3845,58.74,0.0016,Merge,FewUnique
4651,52.73,0.0039,Quick,FewUnique
1528,51.41,0.0249,Quick,FewUnique
1304,62.32,0.0031,Quick,FewUnique
2377,51.68,0.0210,Quick,FewUnique
2770,50.78,0.0231,Quick,FewUnique
2586,49.59,0.0278,Quick,FewUnique
3728,50.87,0.0097,Quick,FewUnique
3360,51.38,0.0077,Quick,FewUnique
4871,52.05,0.0049,Quick,FewUnique
3892,56.08,0.0021,Quick,FewUnique
1923,50.94,0.0354,Quick,FewUnique
2418,52.67,0.0099,Quick,FewUnique
4701,52.02,0.0051,Quick,FewUnique
1228,50.69,0.0261,Quick,FewUnique
2541,50.91,0.0268,Quick,FewUnique
1983,56.05,0.0040,Quick,FewUnique
1036,51.50,0.0502,Quick,FewUnique
4654,50.63,0.0125,Quick,FewUnique
3934,51.56,0.0097,Quick,FewUnique
3599,50.64,0.0200,Quick,FewUnique
2333,50.86,0.0326,Quick,FewUnique
2470,51.84,0.0170,Quick,FewUnique
3384,50.87,0.0165,Quick,FewUnique
1694,50.15,0.0354,Quick,FewUnique
3526,50.64,0.0113,Quick,FewUnique
2668,50.81,0.0232,Quick,FewUnique
2007,50.05,0.0488,Quick,FewUnique
1926,51.01,0.0509,Quick,FewUnique
927,51.51,0.0345,Quick,FewUnique
4521,51.15,0.0221,Quick,FewUnique
3550,50.97,0.0135,Quick,FewUnique
1703,51.00,0.0176,Quick,FewUnique
1664,55.38,0.0072,Quick,FewUnique
3525,50.71,0.0108,Quick,FewUnique
4040,50.36,0.0134,Quick,FewUnique
2392,51.02,0.0117,Quick,FewUnique
2166,54.83,0.0046,Quick,FewUnique
981,51.22,0.0285,Quick,FewUnique
4300,50.29,0.0223,Quick,FewUnique
4936,50.58,0.0186,Quick,FewUnique
4765,51.49,0.0143,Quick,FewUnique
3658,52.86,0.0060,Quick,FewUnique
3534,52.31,0.0051,Quick,FewUnique
4233,50.28,0.0236,Quick,FewUnique
2583,51.16,0.0139,Quick,FewUnique
4401,50.93,0.0191,Quick,FewUnique
4197,51.45,0.0124,Quick,FewUnique
739,49.46,0.0595,Quick,FewUnique
847,49.65,0.0803,Quick,FewUnique
1286,50.04,0.0544,Quick,FewUnique
1938,51.11,0.0423,Quick,FewUnique
1519,51.52,0.0487,Quick,FewUnique
4045,51.90,0.0069,Quick,FewUnique
1128,62.47,0.0035,Quick,FewUnique
3119,50.42,0.0231,Quick,FewUnique
4139,50.12,0.0208,Quick,FewUnique
4633,51.81,0.0047,Quick,FewUnique
2369,51.44,0.0127,Quick,FewUnique
3025,50.86,0.0245,Quick,FewUnique
1860,51.75,0.0215,Quick,FewUnique
1103,50.45,0.0834,Quick,FewUnique
2639,52.01,0.0099,Quick,FewUnique
3769,50.82,0.0159,Quick,FewUnique
4813,51.52,0.0075,Quick,FewUnique
1301,49.77,0.0692,Quick,FewUnique
3444,50.94,0.0215,Quick,FewUnique
1467,51.77,0.0314,Quick,FewUnique
4008,51.04,0.0130,Quick,FewUnique
4431,55.91,0.0018,Quick,FewUnique
1177,51.79,0.0221,Quick,FewUnique
4960,50.41,0.0185,Quick,FewUnique
1383,50.80,0.0578,Quick,FewUnique
3691,51.46,0.0108,Quick,FewUnique
3693,50.98,0.0211,Quick,FewUnique
1844,50.84,0.0260,Quick,FewUnique
1455,51.79,0.0275,Quick,FewUnique
3170,50.84,0.0139,Quick,FewUnique
4632,51.22,0.0078,Quick,FewUnique
3230,54.57,0.0043,Quick,FewUnique
1055,50.66,0.0588,Quick,FewUnique
4405,49.48,0.9791,Quick,LargeRandom
9411,49.52,0.9539,Quick,LargeRandom
2744,49.80,0.9887,Quick,LargeRandom
3356,49.75,0.9878,Quick,LargeRandom
6403,50.16,0.9622,Quick,LargeRandom
8821,49.57,0.9575,Quick,LargeRandom
8408,49.66,0.9581,Quick,LargeRandom
6072,50.29,0.9674,Quick,LargeRandom
9151,49.65,0.9579,Quick,LargeRandom
1665,49.70,0.9970,Quick,LargeRandom
9452,50.28,0.9542,Quick,LargeRandom
1399,49.21,0.9950,Quick,LargeRandom
7076,49.89,0.9661,Quick,LargeRandom
3022,50.18,0.9825,Quick,LargeRandom
7916,50.01,0.9600,Quick,LargeRandom
5089,49.43,0.9731,Quick,LargeRandom
3224,50.08,0.9839,Quick,LargeRandom
6806,50.10,0.9649,Quick,LargeRandom
6232,50.14,0.9641,Quick,LargeRandom
6899,49.54,0.9661,Quick,LargeRandom
1587,49.94,0.9868,Quick,LargeRandom
3053,49.64,0.9833,Quick,LargeRandom
3233,49.72,0.9855,Quick,LargeRandom
9148,50.28,0.9541,Quick,LargeRandom
1803,49.89,0.9884,Quick,LargeRandom
2615,49.43,0.9893,Quick,LargeRandom
4551,49.89,0.9789,Quick,LargeRandom
3476,50.13,0.9862,Quick,LargeRandom
4707,49.64,0.9734,Quick,LargeRandom
7693,49.66,0.9619,Quick,LargeRandom
7984,50.19,0.9575,Quick,LargeRandom
3460,50.10,0.9803,Quick,LargeRandom
8851,49.72,0.9608,Quick,LargeRandom
2137,49.91,0.9906,Quick,LargeRandom
9316,50.09,0.9532,Quick,LargeRandom
3675,50.03,0.9758,Quick,LargeRandom
9410,49.96,0.9570,Quick,LargeRandom
2715,50.77,0.9853,Quick,LargeRandom
8572,49.85,0.9587,Quick,LargeRandom
1154,50.82,0.9948,Quick,LargeRandom
6266,50.23,0.9681,Quick,LargeRandom
8345,49.71,0.9595,Quick,LargeRandom
7717,49.91,0.9681,Quick,LargeRandom
1376,49.02,0.9927,Quick,LargeRandom
4994,49.39,0.9778,Quick,LargeRandom
8700,49.80,0.9597,Quick,LargeRandom
8539,50.43,0.9598,Quick,LargeRandom
5733,50.19,0.9737,Quick,LargeRandom
7158,50.31,0.9633,Quick,LargeRandom
7304,50.03,0.9617,Quick,LargeRandom
9043,50.46,0.9550,Quick,LargeRandom
4411,49.57,0.9850,Quick,LargeRandom
8289,50.36,0.9595,Quick,LargeRandom
4182,50.04,0.9768,Quick,LargeRandom
1362,51.29,0.9956,Quick,LargeRandom
4535,50.40,0.9760,Quick,LargeRandom
4809,49.63,0.9750,Quick,LargeRandom
9165,50.40,0.9546,Quick,LargeRandom
1834,51.28,0.9896,Quick,LargeRandom
2930,49.10,0.9836,Quick,LargeRandom
1058,51.28,0.9953,Quick,LargeRandom
2588,50.33,0.9880,Quick,LargeRandom
1768,51.22,0.9926,Quick,LargeRandom
7101,49.82,0.9666,Quick,LargeRandom
3751,50.13,0.9824,Quick,LargeRandom
2329,50.43,0.9833,Quick,LargeRandom
1247,49.60,0.9944,Quick,LargeRandom
5824,49.85,0.9718,Quick,LargeRandom
5510,50.06,0.9746,Quick,LargeRandom
2300,50.20,0.9887,Quick,LargeRandom
7503,50.25,0.9647,Quick,LargeRandom
3333,50.24,0.9844,Quick,LargeRandom
8917,50.19,0.9592,Quick,LargeRandom
7165,49.39,0.9668,Quick,LargeRandom
2043,49.17,0.9892,Quick,LargeRandom
8851,49.85,0.9570,Quick,LargeRandom
2467,50.28,0.9842,Quick,LargeRandom
8581,50.38,0.9536,Quick,LargeRandom
2236,50.07,0.9875,Quick,LargeRandom
5266,49.69,0.9715,Quick,LargeRandom
6923,50.17,0.9661,Quick,LargeRandom
5228,49.82,0.9717,Quick,LargeRandom
8120,49.83,0.9574,Quick,LargeRandom
5388,50.14,0.9774,Quick,LargeRandom
4875,49.94,0.9737,Quick,LargeRandom
9673,49.78,0.9524,Quick,LargeRandom
9391,49.94,0.9509,Quick,LargeRandom
1184,51.56,0.9941,Quick,LargeRandom
6225,49.63,0.9688,Quick,LargeRandom
6302,49.72,0.9729,Quick,LargeRandom
6562,49.38,0.9674,Quick,LargeRandom
5715,50.35,0.9729,Quick,LargeRandom
3287,49.82,0.9839,Quick,LargeRandom
3762,49.85,0.9838,Quick,LargeRandom
6472,50.18,0.9672,Quick,LargeRandom
2396,50.35,0.9896,Quick,LargeRandom
9568,49.90,0.9557,Quick,LargeRandom
5870,50.13,0.9709,Quick,LargeRandom
8396,49.83,0.9572,Quick,LargeRandom
1921,50.26,0.9875,Quick,LargeRandom
2019,50.94,0.9906,Quick,LargeRandom
8473,49.75,0.9611,Quick,LargeRandom
5857,49.90,0.9730,Quick,LargeRandom
6815,49.62,0.9695,Quick,LargeRandom
5700,50.32,0.9719,Quick,LargeRandom
6108,50.17,0.9717,Quick,LargeRandom
3608,50.85,0.9873,Quick,LargeRandom
6468,50.44,0.9692,Quick,LargeRandom
2460,49.61,0.9850,Quick,LargeRandom
6682,49.14,0.9623,Quick,LargeRandom
2188,50.21,0.9909,Quick,LargeRandom
9081,50.08,0.9551,Quick,LargeRandom
4689,49.55,0.9744,Quick,LargeRandom
9029,49.99,0.9554,Quick,LargeRandom
3982,50.36,0.9771,Quick,LargeRandom
7693,50.05,0.9628,Quick,LargeRandom
6627,49.46,0.9689,Quick,LargeRandom
1421,50.00,0.9937,Quick,LargeRandom
7594,50.14,0.9610,Quick,LargeRandom
7539,49.55,0.9622,Quick,LargeRandom
9755,49.49,0.9521,Quick,LargeRandom
2020,49.58,0.9901,Quick,LargeRandom
6517,49.62,0.9630,Quick,LargeRandom
6720,49.87,0.9673,Quick,LargeRandom
4663,50.69,0.9788,Quick,LargeRandom
1517,49.60,0.9927,Quick,LargeRandom
3875,50.21,0.9817,Quick,LargeRandom
9962,50.09,0.9526,Quick,LargeRandom
4367,50.39,0.9780,Quick,LargeRandom
4046,50.48,0.9787,Quick,LargeRandom
9181,50.11,0.9586,Quick,LargeRandom
1715,49.53,0.9918,Quick,LargeRandom
5187,49.85,0.9803,Quick,LargeRandom
6623,50.17,0.9734,Quick,LargeRandom
2532,49.62,0.9874,Quick,LargeRandom
6622,49.83,0.9687,Quick,LargeRandom
1540,50.36,0.9942,Quick,LargeRandom
1283,49.45,0.9945,Quick,LargeRandom
9163,50.38,0.9549,Quick,LargeRandom
9782,50.14,0.9559,Quick,LargeRandom
9076,50.02,0.9563,Quick,LargeRandom
8766,50.51,0.9565,Quick,LargeRandom
1907,50.68,0.9927,Quick,LargeRandom
3322,50.14,0.9834,Quick,LargeRandom
9737,49.82,0.9537,Quick,LargeRandom
6652,50.19,0.9693,Quick,LargeRandom
5575,50.02,0.9742,Quick,LargeRandom
6848,49.44,0.9670,Quick,LargeRandom
1659,50.84,0.9922,Quick,LargeRandom
5256,49.48,0.9717,Quick,LargeRandom
6695,50.16,0.9673,Quick,LargeRandom
1411,50.35,0.9986,Quick,LargeRandom
7472,50.05,0.9664,Quick,LargeRandom
1991,50.70,0.9925,Quick,LargeRandom
9665,50.50,0.9573,Quick,LargeRandom
9368,49.75,0.9534,Quick,LargeRandom
6884,49.86,0.9601,Quick,LargeRandom
6921,49.80,0.9663,Quick,LargeRandom
7897,49.97,0.9643,Quick,LargeRandom
8980,49.76,0.9581,Quick,LargeRandom
8446,50.46,0.9562,Quick,LargeRandom
8102,50.24,0.9589,Quick,LargeRandom
9079,49.94,0.9589,Quick,LargeRandom
4749,50.70,0.9768,Quick,LargeRandom
1339,50.22,0.9910,Quick,LargeRandom
7485,50.11,0.9629,Quick,LargeRandom
3082,49.92,0.9812,Quick,LargeRandom
7355,50.01,0.9641,Quick,LargeRandom
5286,50.03,0.9775,Quick,LargeRandom
4704,49.76,0.9783,Quick,LargeRandom
1621,49.75,0.9914,Quick,LargeRandom
4845,50.00,0.9763,Quick,LargeRandom
3027,49.80,0.9884,Quick,LargeRandom
4226,49.99,0.9778,Quick,LargeRandom
6860,49.96,0.9692,Quick,LargeRandom
7046,49.55,0.9658,Quick,LargeRandom
3535,49.69,0.9810,Quick,LargeRandom
8133,49.80,0.9654,Quick,LargeRandom
5713,50.19,0.9739,Quick,LargeRandom
5130,50.22,0.9770,Quick,LargeRandom
2240,50.47,0.9911,Quick,LargeRandom
3627,50.41,0.9824,Quick,LargeRandom
9800,49.87,0.9545,Quick,LargeRandom
8281,49.70,0.9598,Quick,LargeRandom
8460,50.18,0.9566,Quick,LargeRandom
5248,49.69,0.9735,Quick,LargeRandom
6330,49.57,0.9720,Quick,LargeRandom
6677,49.91,0.9666,Quick,LargeRandom
5713,50.63,0.9727,Quick,LargeRandom
5407,50.18,0.9756,Quick,LargeRandom
6675,49.93,0.9705,Quick,LargeRandom
8708,49.96,0.9542,Quick,LargeRandom
2115,50.76,0.9877,Quick,LargeRandom
8155,49.88,0.9621,Quick,LargeRandom
8174,50.45,0.9595,Quick,LargeRandom
9001,50.09,0.9537,Quick,LargeRandom
1640,50.46,0.9915,Quick,LargeRandom
5167,50.19,0.9756,Quick,LargeRandom
1299,50.08,0.9938,Quick,LargeRandom
5580,50.51,0.9735,Quick,LargeRandom
3953,50.20,0.9790,Quick,LargeRandom
7191,50.63,0.9641,Quick,LargeRandom
3562,49.96,0.9848,Quick,LargeRandom
5291,49.57,0.9741,Quick,LargeRandom
9162,49.70,0.9591,Quick,LargeRandom
9789,50.26,0.9534,Quick,LargeRandom
6258,50.15,0.9700,Quick,LargeRandom
1545,49.35,0.9903,Quick,LargeRandom
1448,50.93,0.9945,Quick,LargeRandom
1846,49.43,0.9908,Quick,LargeRandom
7799,50.31,0.9604,Quick,LargeRandom
3832,50.17,0.9789,Quick,LargeRandom
2678,50.43,0.9881,Quick,LargeRandom
6067,49.46,0.9703,Quick,LargeRandom
1978,49.11,0.9929,Quick,LargeRandom
7919,49.73,0.9615,Quick,LargeRandom
2235,48.97,0.9857,Quick,LargeRandom
3797,50.58,0.9810,Quick,LargeRandom
9272,50.24,0.9549,Quick,LargeRandom
4679,50.09,0.9791,Quick,LargeRandom
6362,49.94,0.9701,Quick,LargeRandom
3070,50.15,0.9886,Quick,LargeRandom
2901,49.97,0.9852,Quick,LargeRandom
6951,49.61,0.9659,Quick,LargeRandom
5793,50.19,0.9739,Quick,LargeRandom
4821,49.44,0.9755,Quick,LargeRandom
9992,49.52,0.9544,Quick,LargeRandom
1468,48.40,0.9939,Quick,LargeRandom
4616,48.93,0.9747,Quick,LargeRandom
7316,49.65,0.9650,Quick,LargeRandom
6109,50.65,0.9697,Quick,LargeRandom
1900,50.82,0.9921,Quick,LargeRandom
8382,50.11,0.9609,Quick,LargeRandom
2497,50.88,0.9852,Quick,LargeRandom
7905,49.99,0.9598,Quick,LargeRandom
3390,50.55,0.9829,Quick,LargeRandom
1858,49.70,0.9892,Quick,LargeRandom
7085,49.63,0.9646,Quick,LargeRandom
8334,50.61,0.9590,Quick,LargeRandom
8918,50.22,0.9568,Quick,LargeRandom
4897,50.10,0.9759,Quick,LargeRandom
2301,49.91,0.9896,Quick,LargeRandom
1622,50.09,0.9926,Quick,LargeRandom
2888,50.23,0.9855,Quick,LargeRandom
2016,49.88,0.9891,Quick,LargeRandom
1172,49.96,0.9923,Quick,LargeRandom
3043,49.44,0.9832,Quick,LargeRandom
4487,49.71,0.9775,Quick,LargeRandom
9476,49.88,0.9546,Quick,LargeRandom
6864,49.73,0.9679,Quick,LargeRandom
3924,49.76,0.9811,Quick,LargeRandom
3659,49.73,0.9795,Quick,LargeRandom
4882,49.74,0.9783,Quick,LargeRandom
4191,49.90,0.9790,Quick,LargeRandom
2833,49.86,0.9884,Quick,LargeRandom
5072,49.67,0.9732,Quick,LargeRandom
3805,49.61,0.9777,Quick,LargeRandom
2892,49.91,0.9844,Quick,LargeRandom
1121,50.80,0.9929,Quick,LargeRandom
7772,50.24,0.9642,Quick,LargeRandom
9815,50.60,0.9550,Quick,LargeRandom
9214,49.83,0.9540,Quick,LargeRandom
6271,49.65,0.9699,Quick,LargeRandom
4982,49.61,0.9735,Quick,LargeRandom
3719,50.56,0.9809,Quick,LargeRandom
2376,49.77,0.9886,Quick,LargeRandom
8953,50.30,0.9554,Quick,LargeRandom
8368,50.10,0.9579,Quick,LargeRandom
9086,49.70,0.9538,Quick,LargeRandom
5027,49.80,0.9793,Quick,LargeRandom
2690,49.09,0.9874,Quick,LargeRandom
6171,50.11,0.9697,Merge,LargeRandom
1690,48.73,0.9923,Quick,LargeRandom
5873,50.17,0.9733,Quick,LargeRandom
3015,50.40,0.9821,Quick,LargeRandom
7876,49.69,0.9634,Quick,LargeRandom
4755,49.60,0.9762,Quick,LargeRandom
5955,49.51,0.9691,Quick,LargeRandom
2380,50.19,0.9891,Quick,LargeRandom
7609,49.93,0.9653,Quick,LargeRandom
2026,49.73,0.9886,Quick,LargeRandom
9777,50.02,0.9498,Quick,LargeRandom
4843,49.61,0.9738,Quick,LargeRandom
8050,49.30,0.9616,Quick,LargeRandom
7225,50.62,0.9661,Quick,LargeRandom
4512,49.01,0.9774,Quick,LargeRandom
1132,51.19,0.9956,Quick,LargeRandom
1874,50.51,0.9915,Quick,LargeRandom
4431,50.00,0.9765,Quick,LargeRandom
5669,50.21,0.9688,Quick,LargeRandom
8195,49.71,0.9622,Quick,LargeRandom
4774,50.18,0.9736,Quick,LargeRandom
2105,49.81,0.9910,Quick,LargeRandom
6322,49.60,0.9704,Quick,LargeRandom
5773,49.77,0.9683,Quick,LargeRandom
7831,49.73,0.9617,Quick,LargeRandom
3469,49.25,0.9821,Quick,LargeRandom
8499,49.49,0.9594,Quick,LargeRandom
1501,49.87,0.9940,Quick,LargeRandom
8660,50.04,0.9560,Quick,LargeRandom
2505,50.12,0.9824,Quick,LargeRandom
7081,49.83,0.9638,Quick,LargeRandom
6989,50.21,0.9669,Quick,LargeRandom
4246,49.54,0.9757,Quick,LargeRandom
1164,50.30,0.9923,Quick,LargeRandom
2793,49.39,0.9864,Quick,LargeRandom
6665,49.74,0.9668,Quick,LargeRandom
3220,49.30,0.9839,Quick,LargeRandom
9384,50.43,0.9552,Quick,LargeRandom
8107,49.81,0.9610,Quick,LargeRandom
2470,50.55,0.9907,Quick,LargeRandom
6680,49.78,0.9678,Quick,LargeRandom
2401,50.62,0.9875,Quick,LargeRandom
9125,50.12,0.9559,Quick,LargeRandom
4023,49.98,0.9796,Quick,LargeRandom
6460,50.09,0.9647,Quick,LargeRandom
7381,50.95,0.9622,Quick,LargeRandom
1180,49.96,0.9949,Quick,LargeRandom
5566,50.24,0.9732,Quick,LargeRandom
1353,49.78,0.9926,Quick,LargeRandom
8624,50.34,0.9569,Quick,LargeRandom
5854,50.23,0.9704,Quick,LargeRandom
5874,50.64,0.9692,Quick,LargeRandom
6532,50.04,0.9691,Quick,LargeRandom
7299,49.97,0.9631,Quick,LargeRandom
9496,49.75,0.9535,Quick,LargeRandom
3146,50.17,0.9825,Quick,LargeRandom
2005,50.70,0.9895,Quick,LargeRandom
7324,50.62,0.9630,Quick,LargeRandom
1252,49.96,0.9928,Quick,LargeRandom
1483,50.20,0.9946,Quick,LargeRandom
1222,48.32,0.9943,Quick,LargeRandom
9780,50.29,0.9520,Quick,LargeRandom
4120,49.33,0.9811,Quick,LargeRandom
8440,50.12,0.9563,Quick,LargeRandom
4920,49.85,0.9762,Quick,LargeRandom
9105,49.76,0.9520,Quick,LargeRandom
1238,51.17,0.9927,Quick,LargeRandom
1971,49.54,0.9893,Quick,LargeRandom
2217,49.55,0.9883,Quick,LargeRandom
3847,49.22,0.9823,Quick,LargeRandom
3669,50.08,0.9787,Quick,LargeRandom
6313,49.49,0.9702,Quick,LargeRandom
3682,49.82,0.9818,Quick,LargeRandom
7655,49.67,0.9622,Quick,LargeRandom
7607,49.78,0.9631,Quick,LargeRandom
8909,50.07,0.9571,Quick,LargeRandom
2301,49.96,0.9896,Quick,LargeRandom
9193,49.51,0.9556,Quick,LargeRandom
8502,50.55,0.9604,Quick,LargeRandom
7199,50.17,0.9674,Quick,LargeRandom
9291,50.20,0.9482,Quick,LargeRandom
3918,50.19,0.9791,Quick,LargeRandom
1280,49.02,0.9945,Quick,LargeRandom
3240,49.64,0.9799,Quick,LargeRandom
3701,50.92,0.9773,Quick,LargeRandom
4138,50.13,0.9799,Quick,LargeRandom
2612,50.06,0.9877,Quick,LargeRandom
9156,50.04,0.9552,Quick,LargeRandom
7897,50.23,0.9614,Quick,LargeRandom
6507,49.86,0.9708,Quick,LargeRandom
5339,50.58,0.9762,Quick,LargeRandom
3011,49.53,0.9861,Quick,LargeRandom
6328,50.12,0.9701,Quick,LargeRandom
3556,49.68,0.9851,Quick,LargeRandom
4427,49.44,0.9733,Quick,LargeRandom
9569,50.05,0.9536,Quick,LargeRandom
8863,49.68,0.9561,Quick,LargeRandom
9388,50.14,0.9523,Quick,LargeRandom
7889,50.81,0.9626,Quick,LargeRandom
1542,49.90,0.9883,Quick,LargeRandom
6836,50.68,0.9658,Quick,LargeRandom
2584,50.45,0.9853,Quick,LargeRandom
5191,49.65,0.9730,Quick,LargeRandom
5781,50.21,0.9722,Quick,LargeRandom
3769,50.69,0.9806,Quick,LargeRandom
4647,50.45,0.9776,Quick,LargeRandom
6968,49.91,0.9661,Quick,LargeRandom
6190,49.70,0.9682,Quick,LargeRandom
6907,50.41,0.9700,Quick,LargeRandom
4824,50.13,0.9726,Quick,LargeRandom
6538,49.78,0.9659,Quick,LargeRandom
5856,49.41,0.9734,Quick,LargeRandom
1996,49.27,0.9910,Quick,LargeRandom
4400,50.28,0.9786,Quick,LargeRandom
6943,50.73,0.9666,Quick,LargeRandom
1246,51.49,0.9936,Quick,LargeRandom
3561,49.92,0.9817,Quick,LargeRandom
6503,50.34,0.9696,Quick,LargeRandom
4235,49.74,0.9821,Quick,LargeRandom
7895,50.11,0.9638,Quick,LargeRandom
6462,50.26,0.9673,Quick,LargeRandom
5128,49.72,0.9748,Quick,LargeRandom
7433,50.15,0.9648,Quick,LargeRandom
2982,49.45,0.9839,Quick,LargeRandom
1151,50.70,0.9887,Quick,LargeRandom
5372,49.97,0.9754,Quick,LargeRandom
9962,50.36,0.9545,Quick,LargeRandom
8784,49.37,0.9556,Quick,LargeRandom
6255,50.29,0.9707,Quick,LargeRandom
4301,49.60,0.9742,Quick,LargeRandom
5336,49.73,0.9768,Quick,LargeRandom
9925,50.16,0.9509,Quick,LargeRandom
2748,49.18,0.9887,Quick,LargeRandom
5238,50.01,0.9716,Quick,LargeRandom
1227,49.35,0.9927,Quick,LargeRandom
5292,49.48,0.9756,Quick,LargeRandom
5071,50.39,0.9746,Quick,LargeRandom
3472,50.13,0.9833,Quick,LargeRandom
1940,49.82,0.9897,Quick,LargeRandom
4855,50.31,0.9743,Quick,LargeRandom
4159,50.07,0.9836,Quick,LargeRandom
9437,50.28,0.9555,Quick,LargeRandom
8646,49.47,0.9576,Quick,LargeRandom
8051,49.50,0.9630,Quick,LargeRandom
4180,50.32,0.9787,Quick,LargeRandom
8708,50.05,0.9556,Quick,LargeRandom
1233,51.46,0.9903,Quick,LargeRandom
2281,50.53,0.9908,Quick,LargeRandom
8777,50.19,0.9544,Quick,LargeRandom
6115,50.70,0.9691,Quick,LargeRandom
8041,50.45,0.9597,Quick,LargeRandom
4618,49.64,0.9755,Quick,LargeRandom
3862,49.29,0.9811,Quick,LargeRandom
4540,49.88,0.9714,Quick,LargeRandom
9806,50.16,0.9533,Quick,LargeRandom
9101,48.99,0.9555,Quick,LargeRandom
4581,49.76,0.9786,Quick,LargeRandom
3860,50.61,0.9837,Quick,LargeRandom
9411,50.45,0.9589,Quick,LargeRandom
1714,49.50,0.9918,Quick,LargeRandom
8503,49.88,0.9632,Quick,LargeRandom
8580,49.71,0.9564,Quick,LargeRandom
2969,50.40,0.9832,Quick,LargeRandom
8147,50.32,0.9592,Quick,LargeRandom
3197,49.91,0.9837,Quick,LargeRandom
6899,49.65,0.9674,Quick,LargeRandom
7376,49.94,0.9641,Quick,LargeRandom
3708,50.39,0.9822,Quick,LargeRandom
9130,50.55,0.9568,Quick,LargeRandom
6574,50.27,0.9687,Quick,LargeRandom
9097,49.63,0.9541,Quick,LargeRandom
4148,50.71,0.9793,Quick,LargeRandom
1023,49.41,0.9961,Quick,LargeRandom
2709,50.11,0.9874,Quick,LargeRandom
9851,50.14,0.9502,Quick,LargeRandom
5503,50.13,0.9758,Quick,LargeRandom
6129,49.56,0.9664,Quick,LargeRandom
3701,50.27,0.9797,Quick,LargeRandom
7447,50.01,0.9608,Quick,LargeRandom
3880,50.06,0.9838,Quick,LargeRandom
5550,50.86,0.9739,Quick,LargeRandom
9806,49.84,0.9506,Quick,LargeRandom
9335,49.56,0.9575,Quick,LargeRandom
2957,49.42,0.9865,Quick,LargeRandom
1282,50.82,0.9938,Quick,LargeRandom
7985,49.87,0.9624,Quick,LargeRandom
8392,50.15,0.9584,Quick,LargeRandom
2626,49.71,0.9810,Quick,LargeRandom
8581,49.71,0.9598,Quick,LargeRandom
6458,49.68,0.9683,Quick,LargeRandom
7958,49.93,0.9656,Quick,LargeRandom
7213,50.35,0.9658,Quick,LargeRandom
4834,49.70,0.9743,Quick,LargeRandom
6512,49.39,0.9674,Quick,LargeRandom
3063,50.07,0.9856,Quick,LargeRandom
1338,50.56,0.9940,Quick,LargeRandom
5020,50.23,0.9729,Quick,LargeRandom
4541,49.69,0.9806,Quick,LargeRandom
5801,50.09,0.9716,Quick,LargeRandom
2848,50.37,0.9838,Quick,LargeRandom
8519,50.22,0.9586,Quick,LargeRandom
5171,49.86,0.9696,Quick,LargeRandom
1383,48.26,0.9957,Quick,LargeRandom
5714,50.27,0.9722,Quick,LargeRandom
8269,50.04,0.9572,Quick,LargeRandom
7348,50.10,0.9656,Quick,LargeRandom
2216,51.06,0.9865,Quick,LargeRandom
7744,50.05,0.9644,Quick,LargeRandom
1082,50.23,0.9917,Quick,LargeRandom
4517,49.40,0.9763,Quick,LargeRandom
8885,49.73,0.9591,Quick,LargeRandom
7011,50.07,0.9631,Quick,LargeRandom
6259,49.89,0.9703,Quick,LargeRandom
5386,50.40,0.9718,Quick,LargeRandom
5993,50.18,0.9711,Quick,LargeRandom
7813,49.76,0.9630,Quick,LargeRandom
2952,50.05,0.9875,Quick,LargeRandom
8845,49.83,0.9573,Quick,LargeRandom
9507,50.03,0.9508,Quick,LargeRandom
6327,49.91,0.9701,Quick,LargeRandom
8015,50.14,0.9602,Quick,LargeRandom
4892,50.13,0.9773,Quick,LargeRandom
4136,49.77,0.9787,Quick,LargeRandom
6302,49.83,0.9714,Quick,LargeRandom
5074,50.56,0.9769,Quick,LargeRandom
3937,49.92,0.9792,Quick,LargeRandom
1570,50.61,0.9917,Quick,LargeRandom
3241,50.09,0.9818,Quick,LargeRandom
6681,50.07,0.9681,Quick,LargeRandom
